-- phpMyAdmin SQL Dump
-- version 4.5.1
-- http://www.phpmyadmin.net
--
-- Host: 127.0.0.1
-- Creato il: Lug 15, 2016 alle 14:54
-- Versione del server: 10.1.13-MariaDB
-- Versione PHP: 5.6.23

SET SQL_MODE = "NO_AUTO_VALUE_ON_ZERO";
SET time_zone = "+00:00";


/*!40101 SET @OLD_CHARACTER_SET_CLIENT=@@CHARACTER_SET_CLIENT */;
/*!40101 SET @OLD_CHARACTER_SET_RESULTS=@@CHARACTER_SET_RESULTS */;
/*!40101 SET @OLD_COLLATION_CONNECTION=@@COLLATION_CONNECTION */;
/*!40101 SET NAMES utf8mb4 */;

--
-- Database: `timdb`
--

CREATE DATABASE timdb;
USE timdb;

-- --------------------------------------------------------

--
-- Structure of table `assistance`
--

CREATE TABLE `assistance` (
  `idAssistance` int(11) NOT NULL,
  `nameAssistance` varchar(40) COLLATE utf8_bin NOT NULL,
  `descriptionAssistance` longtext COLLATE utf8_bin NOT NULL,
  `questionsAssistance` longtext COLLATE utf8_bin NOT NULL,
  `answersAssistance` longtext COLLATE utf8_bin NOT NULL,
  `idCategory` int(11) NOT NULL,
  `highlightsBoolean` smallint(1) NOT NULL DEFAULT '0'
) ENGINE=InnoDB DEFAULT CHARSET=utf8 COLLATE=utf8_bin;

--
-- Dump of data for table `assistance`
--

INSERT INTO `assistance` (`idAssistance`, `nameAssistance`, `descriptionAssistance`, `questionsAssistance`, `answersAssistance`, `idCategory`, `highlightsBoolean`) VALUES
(1, 'Attivazione linea di casa', 'Richiedere l’attivazione di una linea telefonica di casa è molto semplice, puoi: richiederla online, chiamare il Servizio Clienti linea fissa 187, o recarti presso un Negozio TIM.', 'Q: Quali documenti sono necessari?:Q Q: Quali sono le diverse tipologie di linea telefonica di casa?:Q', 'A: Dovrai fornire in visione i seguenti documenti:\r\ndocumento di identità del titolare linea codice fiscale del titolare linea.:A A: Linea telefonica principale, linea telefonica aggiuntiva, lisnea ISDN :A', 1, 1),
(2, 'Trasloco', 'Il trasloco è un operazione che ti consente di spostare la tua linea telefonica presso una nuova abitazione, nella stessa città o in una città diversa. Puoi gestirla direttamente online basta registrarsi all’Area Clienti.', 'Q: Cosa è il trasloco di una linea telefonica?:Q Q: Posso mantenere il mio numero telefonico?:Q', 'A: Il trasloco ti permette di trasferire la tua linea telefonica presso una nuova abitazione, nella stessa città o in una città diversa.:A A: Se la nuova abitazione si trova nello stesso distretto telefonico di quella di origine, salvo problemi tecnici, sarà possibile mantenere il vecchio numero telefonico. Fino al momento dell’attivazione della linea nella tua nuova abitazione potrai continuare ad utilizzare la linea telefonica nella tua vecchia abitazione.:A', 1, 0),
(3, 'Subentro', 'Il subentro ti permette di modificare l intestazione di una linea telefonica attiva nella stessa sede dove si trova l impianto garantendo così la continuità nell emissione delle fatture', 'Q: Subentro tra coniugi separati:Q Q: Riepilogo Costi:Q', 'A: Questa tipologia di subentro permette di variare gratuitamente l intestazione del contratto telefonico a favore del coniuge assegnatario della residenza a seguito di separazione, senza interruzione, nell utilizzo della linea telefonica.:A A: Per qualsiasi tipo di subentro, il nuovo intestatario deve corrispondere, a titolo di "Anticipo Conversazioni" un importo di 8 €.:A', 1, 0),
(4, 'Varizioni abbonamento', 'Se hai cessato la tua attività professionale, puoi richiedere la variazione del tuo contratto di abbonamento telefonico.\r\nPer richiedere la variazione chiama il Servizio Clienti 191.\r\n\r\nCon la richiesta della trasformazione del contratto dalla categoria Affari (“A”) alla categoria Residenziale (“B”) il costo del tuo abbonamento mensile passerà da:\r\n\r\n-22,50 € (IVA esclusa) a 17,54 € (IVA al 22% inclusa), in caso di linea telefonica di base\r\n-31,00 € (IVA esclusa) a 20,17 € (IVA al 22% inclusa), in caso di linea ISDN.\r\n', '', '', 1, 0),
(5, 'Restituzione Prodotti', 'Per cessare il noleggio di un prodotto, con la conseguente interruzione del relativo abbonamento, basta chiamare il Servizio Clienti linea fissa 187 e poi consegnare o spedire il prodotto insieme al modulo di accompagnamento che puoi scaricare da questa pagina.\r\n\r\nSe hai chiesto il recesso dal Contratto di Noleggio e Manutenzione devi restituire il prodotto in noleggio (fatta eccezione per i modem) entro e non oltre 30 giorni dalla data della richiesta di cessazione/recesso del contratto e consegnarlo, solo ed esclusivamente, presso uno dei seguenti Negozi TIM:\r\n\r\nROMA:           Viale Liegi, 31\r\nMILANO:        Piazza Cordusio snc - ang. Via Broletto\r\nNAPOLI:         Centro Direzionale - Isola A4\r\nPALERMO:     Via della libertà, 37/d\r\nTREVISO:       Via XX Settembre, 2\r\n(Nessun Negozio TIM al di fuori di quelli indicati in questa lista è abilitato alla riconsegna dei prodotti di cui si è chiesto il recesso del contratto di noleggio, pertanto, in nessun caso, potrà procedere al ritiro);\r\n\r\noppure spedirlo a mezzo pacco postale a: \r\n\r\n        Telecom Italia S.p.A. c/o Geodis Logistics\r\n        Magazzino Reverse A22\r\n        Piazzale Giorgio Ambrosoli snc\r\n        27015 Landriano PV\r\n\r\n\r\nAl pacco postale devi allegare il modulo di accompagnamento che puoi scaricare da questa pagina.\r\n\r\nScarica il modulo in formato pdf\r\n\r\n \r\n\r\nNel caso di riconsegna di un modem dovrai necessariamente spedirlo a mezzo pacco postale all’indirizzo indicato in questa pagina o sul modulo di accompagnamento in quanto, per questo prodotto, non è prevista la consegna diretta presso un Negozio TIM.\r\n\r\n', '', '', 1, 1),
(6, 'Tutto sulla tua SIM', 'Tutto ciò che devi sapere per gestire al meglio la tua SIM:\r\n\r\n-I codici PIN e PUK\r\n-Cosa fare in caso di furto o smarrimento\r\n-Sostituzione della tua SIM\r\n-Reintegro della numerazione prepagata', 'Q: Cosa sono i Codici PIN e PUK?:Q Q: Dove posso trovare i codici PIN e PUK?:Q Q: Ho subito il furto del mio telefonino. Cosa devo fare?:Q Q: Cosa si intende per sostituzione SIM Card?:Q', 'A: Il PIN (Personal Identity Number) è un codice numerico di 4 cifre che ti consente, se regolarmente impostato, di proteggere il telefonino da utilizzi illeciti. Viene infatti richiesto dal telefonino al momento dell’accensione; il codice PIN è personalizzabile. Il PUK (Personal Unblocking Key) è un codice di sblocco fisso e non modificabile che serve per sbloccare la SIM a seguito dell''errata digitazione del codice PIN per 3 volte di seguito. :A A: Ogni TIM Card o SIM in abbonamento viene venduta accompagnata da due codici di sicurezza, il PIN e il PUK. Puoi trovare i codici PIN e PUK sul retro del supporto di plastica, che ti viene consegnato al momento dell’acquisto della tua SIM, sotto la striscia argentata. I codici PIN e PUK sono strettamente personali ed il Servizio Clienti 119 non potrà fornirteli in caso di perdita o dimenticanza. :A A: In caso di furto o smarrimento del tuo telefonino dovrai tempestivamente bloccare la linea relativa alla SIM presente al suo interno.\r\nSe sei un cliente ricaricabile e sei già registrato alla sezione MyTIM Mobile puoi bloccare la linea direttamente online. Se non sei registrato alla sezione MyTIM Mobile o se sei un cliente in abbonamento dovrai contattare il Servizio Clienti 119. Previa identificazione e verifica della titolarità del numero (attraverso la comunicazione di nome, cognome, codice fiscale,...) verrà immediatamente bloccata la linea al traffico telefonico.:A A: L’operazione di sostituzione SIM ti consente di cambiare la tua SIM e conservare il tuo numero telefonico (sia per clienti ricaricabili che in abbonamento).\r\nTi ricordiamo che la sostituzione della SIM Card genera la perdita dei dati memorizzati contenuti al suo interno. In caso tu non abbia subìto il furto o lo smarrimento della carta oppure il blocco per codice PIN errato, informati su come trasferire i dati dalla memoria della scheda a quella del telefonino prima di procedere con la sostituzione della SIM Card.:A', 1, 0),
(7, 'Da Abbonamento a Ricaricabile', 'Se sei titolare di una linea in abbonamento e desideri passare al servizio ricaricabile puoi farne richiesta in un Negozio TIM o inoltrando la necessaria documentazione al Servizio Clienti 119.Per passare la tua utenza TIM da abbonamento a servizio ricaricabile puoi compilare il modulo di “Richiesta di migrazione da abbonamento a ricaricabile”. Il modulo è disponibile in formato pdf nella sezione Moduli e può essere scaricato direttamente dalla sottosezione “clienti con abbonamento”.\r\nPotrai inviare il modulo compilato con la richiesta di cessazione del contratto di abbonamento e la specificata volontà di passare verso servizio ricaricabile (indicando il profilo e l''eventuale opzione) e la modalità di rimborso ACI (assegno/accredito su linea ricaricabile), al numero di fax dedicato 800600119.\r\n\r\nPuoi effettuare il passaggio scrivendoci o in alternativa presso un qualsiasi Negozio TIM.\r\n', '', '', 1, 1),
(8, 'Servizi a valore aggiunti', 'I servizi a valore aggiunto, detti anche ‘premium’ o ‘a contenuto’, sono servizi forniti da parte anche di società esterne attraverso SMS, MMS o connessione dati da rete fissa (WEB) o in mobilità (WAP) che puoi attivare, ricevere e/o fruire su Telefonino, Tablet o PC. \r\nSi tratta di servizi quali: loghi, suonerie, oroscopi, meteo, news, video, sfondi ed altri.\r\n\r\nLa TIM Card, già dalla sua attivazione, è abilitata a effettuare/ricevere chiamate e videochiamate, inviare e ricevere SMS/MMS, a navigare in Internet, pertanto, è anche possibile attivare i servizi a valore aggiunto (ad esclusione delle TIM Card intestate a minori per le quali i servizi a contenuto “Adult” sono disabilitati).\r\n\r\nL’attivazione del servizio può avvenire seguendo la procedura di attivazione prevista per ciascuno dei canali sopra indicati (SMS, MMS, WEB, WAP ecc.), ma sempre e solo con il tuo consenso.\r\n\r\nI servizi a valore aggiunto sono a pagamento e le modalità di tariffazione (per singolo messaggio e/o contenuto, giornaliera, settimanale, mensile) variano a seconda della tipologia di servizio che hai scelto di attivare sulla tua linea. Quando scarichi un contenuto è perciò sempre importante verificare se ciò comporta l’adesione a un servizio in abbonamento con addebito periodico sulla tua utenza.\r\n\r\nPuoi disattivare un servizio a valore aggiunto in uno dei modi seguenti:\r\n\r\nDirettamente online accedendo alla sezione MyTIM Mobile nel TAB Servizi all''interno della sezione dedicata “Servizi a contenuto ed Internet” in cui visualizzi i Servizi a contenuto attivi sulla tua linea previa registrazione/autenticazione alla sezione MyTIM Mobile;\r\nTramite la URL o la sintassi di disattivazione presente nell’sms di welcome notificato dal fornitore a seguito dell’attivazione del servizio;\r\nChiamando il Servizio Assistenza Clienti del fornitore del servizio;\r\nInviando un sms gratuito al 119 con il seguente testo “disattivazione servizi VAS”;\r\nChiamando il Servizio Clienti 119.\r\nPer conoscere nel dettaglio le numerazioni dei servizi disponibili, i fornitori dei contenuti e i numeri di Assistenza clicca qui.\r\n\r\nOltre alla possibilità di disattivare il singolo servizio attivo sulla tua linea, hai anche la facoltà di richiedere in qualunque momento il blocco selettivo dei servizi a valore aggiunto così da inibirne l’attivabilità e la fruizione sulla tua utenza mobile, chiamando gratuitamente il Servizio Clienti 119. Hai altresì la facoltà di chiedere in qualunque momento e con la stessa modalità l’inibizione di specifiche categorie di servizi a valore aggiunto:\r\n\r\nVM18 (servizi sexy vietati ai minori di 18 anni);\r\nCharity (sms per donazioni in beneficenza);\r\nAnonimi e Scherzi (sms anonimi);\r\nBL TuuTuuTIM (servizio di risponderia con suoneria);\r\nBlack List Ticketing (pagamento ticket autobus o altro mediante credito/conto telefonico);\r\nServizi Bancari (servizi di informazione/notifica bancaria);\r\noltre che di tutte le direttrici Decade 4 o di una singola di tali direttrici (Direttrice 44, 47 o 48) sempre chiamando gratuitamente il Servizio Clienti 119.\r\n\r\nPuoi inoltre richiedere di abilitare nuovamente la tua utenza mobile ai servizi a valore aggiunto chiamando gratuitamente il Servizio Clienti 119.\r\n\r\nIn aggiunta alle ordinarie procedure di reclamo, in caso di attivazione non richiesta di un servizio a valore aggiunto sulla tua utenza mobile TIM puoi altresì richiedere il rimborso delle somme addebitate sul tuo credito/conto telefonico nonché la disattivazione del servizio: chiamando il Servizio Clienti 119 oppure utilizzando la nuova modalità dell’invio di un sms gratuito al 119 con il seguente testo “reclamo servizi VAS non richiesti” (o similare) entro 12 giorni dalla suddetta attivazione ed in assenza di analogo rimborso per il servizio nei 30 giorni precedenti.', '', '', 1, 0),
(9, 'MyTIM Fisso - gestione linea', 'Registrandoti al MyTIM Fisso o scaricando l’applicazione per smartphone e tablet avrai  a disposizione tutte le informazioni relative alla tua linea telefonica.\r\n\r\nPotrai visualizzare i servizi e le offerte attivi sulla tua linea telefonica, pagare le tue fatture e avere informazioni relative al traffico.', 'Q: Perché dovrei registrarmi al MyTIM Fisso o scaricare l’app MyTIM Fisso ?:Q Q: Come posso effettuare online un trasloco?:Q', 'A: Innanzi tutto perché è semplice e veloce, poi perchè hai la possibilità di gestire autonomamente la tua linea!\r\n\r\nCompila il modulo di registrazione per accedere ai nostri servizi.\r\n\r\nLa registrazione è completa e certificata se utilizzi un collegamento Telecom Italia associato al codice fiscale da registrare:\r\n\r\nse sei già un cliente internet TIM accedere utilizzando username e password di Alice Mail.\r\nse effettui la registrazione fuori casa o da una linea non TIM, dovrai chiamare il numero gratuito 40 123 opzione 2.\r\nle credenziali di accesso dell’applicazione MyTIM Fisso per smartphone e tablet sono quelle con le quali ti sei registrato alla sezione MyTIM Fisso.:A\r\nA: Il trasloco ti permette di trasferire la tua linea telefonica presso una nuova abitazione, nella stessa città o in una città diversa. Qualora la nuova abitazione si trovi nello stesso distretto telefonico di quella di origine, salvo problemi tecnici, sarà possibile mantenere il vecchio numero telefonico.\r\n\r\nLa richiesta di trasloco può essere inviata direttamente online oppure chiamando il Servizio Clienti 187.:A', 1, 0),
(10, 'MyTIM Mobile (gestione linea)', 'In MyTIM Mobile hai a disposizione tutte le informazioni relative alla tua linea telefonica.\r\n\r\nPuoi tenerti costantemente aggiornato sui servizi attivi sulla tua linea, sulle caratteristiche della tua SIM, avere indicazioni relative al tuo piano tariffario ed agli acquisti effettuati sul sito e se necessario bloccare la tua linea per furto o smarrimento.\r\n\r\n', 'Q: Come posso registrare la mia SIM a MyTIM Mobile?:Q Q: Guida alla registrazione a MyTIM Mobile.:Q', 'A: Registrarsi a MyTIM Mobile è facile e veloce. Accertati di avere accanto a te il telefonino e procedi cliccando sul tasto “Registrati”.:A A: Clicca sul tasto Registrati e procedi inserendo il numero dell’utenza che vuoi registrare ed il codice di sicurezza visualizzabile nell’immagine. Riceverai un SMS (*) con un codice temporaneo che dovrai inserire nell’apposito campo.\r\nLa tua username sarà il numero di telefonino. Ti sarà richiesto di scegliere una password di 8 cifre numeriche e di inserire il tuo indirizzo di posta elettronica. Riceverai quindi una mail da parte di TIM che ha come oggetto: Notifica da www.tim.it - verifica indirizzo email (se non la trovi  nella casella “Posta ricevuta” verifica se non sia all’interno della casella spam/posta indesiderata). Clicca sul link presente all’interno della mail per confermare l’indirizzo di posta elettronica fornito e completare così il processo di registrazione a MyTIM Mobile.\r\nCon le stesse username e password potrai accedere a MyTIM Mobile anche da smartphone e dall’APP MyTIM Mobile (in wi-fi).:A', 1, 0),
(11, 'Ricarica Veloce', 'Il servizio Ricarica Veloce dal sito tim.it ti permette di ricaricare il tuo telefonino senza bisogno di registrarti:\r\nè sufficiente inserire i tuoi dati e in 3 click la tua linea è ricaricata!\r\n\r\nI tagli di ricarica partono da un minimo di 6€ ad un massimo di 150€.\r\n\r\nTi verranno richieste alcune semplici informazioni quali:\r\n\r\nil numero TIM da ricaricare.\r\nun indirizzo mail al quale inviarti la notifica di operazione effettuata.\r\ni dati della tua carta di credito o di PayPal.\r\nSono accettate le principali carte di credito emesse in Italia aderenti ai circuiti Visa, Mastercard (tra cui CartaSì, Postepay, Clarima e Bankamericard Deutsche Credit Card), American Express, Diners e carta Aura.\r\n\r\nN.B. Ti ricordiamo che se scegli la ricarica da 6€ avrai a disposizione 5€ di credito e 500 MMS da inviare verso tutti entro 30 giorni. Per tutti i dettagli sulla Ricarica+ clicca qui.', '', '', 1, 1),
(12, 'Buono sconto per telefono', 'Vuoi un nuovo smartphone?\r\n\r\nPortaci il tuo vecchio telefono, da oggi vale uno sconto sul nuovo!\r\n\r\nCon il servizio TIM Valuta puoi far valutare gratuitamente e senza impegno il tuo telefonino, smartphone o tablet.  Ricevi subito uno sconto da utilizzare come meglio desideri: per l’acquisto di un nuovo telefonino, smartphone, tablet, chiavetta, Internet Pack, oppure in Ricarica telefonica TIM. Il servizio è aperto a tutti!\r\n\r\n\r\nFar valutare il telefono è molto semplice. E’ sufficiente:\r\n\r\n• portare presso uno dei negozi TIM che aderiscono all’iniziativa il tuo vecchio telefono, smartphone o tablet\r\n• l’addetto del negozio procederà alla valutazione del prodotto, verificandone le condizioni e lo stato d’uso\r\n• se accetti la valutazione, riceverai uno sconto di pari valore che potrai utilizzare subito per l’acquisto di un nuovo smartphone, tablet, oppure Ricariche telefoniche TIM.\r\n', '', '', 2, 0),
(13, 'Configurazione Mail su iPhone', 'Per aggiungere il tuo account di posta Alice su iPhone, tocca dal menu l''icona Impostazioni:\r\n\r\nScegli la voce Posta, contatti, calendari\r\nquindi Aggiungi account...\r\ndall''elenco dei provider vai su Altro;tocca l''opzione Aggiungi account Mail\r\ncompila i campi con i tuoi dati della casella di posta Alice:\r\nNome: inserisci un nome a tua scelta;\r\nIndirizzo: il tuo indirizzo completo del dominio @alice.it;\r\nPassword: digita la tua password di posta;\r\n', '', '', 2, 0),
(14, 'Connettersi a Internet mobile', 'Normalmente i telefoni commercializzati da TIM sono già predisposti per il collegamento Internet in maniera automatica, altrimenti dovrai eseguire la procedura di configurazione del servizio. \r\nDi seguito i passi da effettuare per capire se il tuo telefonino è configurato:\r\n\r\nSe hai un telefonino TIM, ti basterà cliccare sull’icona del Browser Internet;\r\nSe invece non hai un telefonino TIM, ti basterà cliccare sull’icona del Browser Internet e digitare l''indirizzo "wap.tim.it".\r\nSe non riesci a collegarti in questi modi, il tuo telefonino deve essere ancora configurato.\r\n\r\nPuoi farlo manualmente consultando le guide di configurazione specifiche per il tuo dispositivo, disponibili nella sezione “Configura online", selezionando dal menù a tendina la marca e il modello. \r\nSe non ricordi il modello specifico del tuo Smartphone o Tablet, puoi verificarlo entrando in  MyTIM Mobile. Il tuo dispositivo sarà automaticamente riconosciuto e potrai visualizzarne marca e modello.\r\n\r\nPer alcuni modelli puoi configurare in maniera automatica il tuo telefonino alla navigazione e agli MMS contattando il numero gratuito 40920, opzione 4.', '', '', 2, 0),
(15, 'Memotel', 'Il servizio di segreteria telefonica Memotel di Telecom Italia ti consente, senza apparecchi aggiuntivi, di registrare fino a 15 messaggi per un tempo massimo di 90 secondi ciascuno e di ascoltarli anche fuori casa da telefoni fissi o cellulari tramite il codice PIN personale.\r\n\r\nMemotel può essere attivata su linea telefonica tradizionale, ISDN e su numeri aggiuntivi VoIP; è un servizio centralizzato e funziona anche in assenza di corrente elettrica (nel caso di fonia tradizionale o ISDN).\r\n\r\n', '', '', 2, 0),
(16, 'Ricevo ma non chiamo', 'Se non riesci né a chiamare, né a ricevere telefonate, alza il ricevitore e verifica attentamente che tipo di segnale ascolti. In base alla fonia che hai ascoltato, segui le indicazioni consigliate per individuare le causa del problema riscontrato.\r\n\r\nscrivi a un operatore il tuo problema:\r\n\r\n-Si sente un suono continuo\r\n-Si sente un messaggio automatico\r\n-Si sente il tono di libero, ma dopo aver composto un numero ascolto un segnale di "occupato veloce"\r\n-Si sente il tono di libero, ma dopo aver composto un numero ascolto un messaggio e la chiamata non viene inoltrata\r\n-Si sente il tono di libero, ma dopo aver composto un numero la chiamata non viene inoltrata', '', '', 2, 0),
(17, 'Come riassegnare i numeri', 'Se hai necessità di riconfigurare i numeri per i diversi apparati (telefoni, fax o modem) collegati alle porte analogiche (a1/b1 e a2/b2) della borchia NT1 Plus, segui le indicazioni in base alla tipologia del tuo impianto.\r\n\r\nModalità ''Punto-Multipunto'' - configurazione del numero sulle porte a1/b1 e a2/b2 \r\n\r\nSe possiedi un solo numero e vuoi collegare uno o più telefoni sulle porte a1/b1 e a2/b2, componi il seguente codice con un telefono:\r\n\r\n', '', '', 2, 0),
(18, 'Prima Installazione', 'Se hai attivato l''offerta TIM SMART FIBRA con opzione autoinstallante, segui le indicazioni riportate nelle guide e nel video per il primo collegamento del modem Fibra di TIM e dei telefoni.\r\nLa confezione di Fibra autoinstallante contiene\r\n\r\nla scatola del modem Fibra con relativo alimentatore, filtro e i cavi di collegamento\r\nla scatola contenente i due cordless\r\nla guida specifica per Fibra autoinstallante.', '', '', 2, 0),
(19, 'Powerline Adapter', 'Per superare i problemi di copertura di segnale wi-fi si possono utilizzare i dispositivi Powerline Adapter che permettono di collegare qualunque dispositivo (es. decoder, pc, console giochi, stampanti, etc.) al modem Telecom Italia utilizzando la rete elettrica dell''abitazione.\r\n\r\nIn tal modo la rete elettrica di casa diventa rete per navigare e trasmettere con prestazioni fino a 200 Mbps e riservatezza dei dati garantita mediante un apposito sistema di crittografia, senza utilizzare lunghi cavi Ethernet e senza l''installazione di software aggiuntivo.', '', '', 2, 0),
(20, 'Come leggere la fattura ', 'La fattura della linea fissa è semplice e facile da leggere perché disegnata prendendo spunto dai suggerimenti dei clienti. La veste grafica, moderna e raffinata, utilizza un linguaggio sempre più chiaro per l’esposizione delle voci di spesa, facilitando la lettura di tutte le informazioni di cui hai bisogno e garantendo maggiore trasparenza nei contenuti e negli importi.\r\n', 'Q: Come leggo la fattura della linea fissa?:Q Q: Che vantaggi ho con la fattura online?:Q', 'A: Nella prima pagina trovi:\r\n\r\n-i dati principali dell’intestatario della linea di casa e della fattura\r\nil riepilogo degli abbonamenti attivi \r\n-un box informativo con le proposte commerciali personalizzate relative a  offerte, prodotti, servizi \r\n-l’informazione sulla modalità di pagamento (bollettino, addebito su conto corrente o su carta di credito).:A\r\nA: Con la fattura online puoi:\r\n\r\n-avere chiarimenti sul significato delle voci in fattura\r\n-visualizzare il dettaglio di tutte le tue telefonate ed analizzarle \r\n-utilizzando i filtri per tipo di chiamata, offerta, data, numero chiamato, \r\n-fascia oraria, durata e costo;\r\n-inviare segnalazioni al Servizio Clienti (ad es. segnalazione di errato \r\n-addebito del traffico, richiesta di abilitazione di un servizio, ecc.):A', 3, 1),
(21, 'Come pagare la fattura', 'Passa a Conto Online e risparmi fino a 2 euro/mese per i costi di ricezione della fattura cartacea (clicca qui)', 'Q: Posso richiedere la domiciliazione su carta di credito?:Q Q: Posso utilizzare il P@gonline in My TIM Fisso per pagare la fattura di un amico o un parente?:Q', 'A: Questo servizio ti permette di domiciliare in maniera permanente la fattura sulla tua carta di credito American Express, BankAmericard, Key Client, CartaSi, Diners Club e Moneta. Oltre ad essere comodo e sicuro, il servizio è gratuito e ti permette anche di usufruire della dilazione del pagamento in base ai giorni di valuta previsti dall''estratto conto della tua carta di credito. Inoltre, richiedendo Pagocard ti viene rimborsato l''anticipo conversazioni interurbane versato.:A A: Non è necessario che la fattura sia intestata a te, inserirai in questo caso le informazioni relative alla fattura che vuoi pagare.:A', 3, 0),
(22, 'Verifica credito residuo ', 'Il credito residuo disponibile, le offerte e lo stato dei bonus attivi sulla tua linea ricaricabile, sono consultabili attraverso le seguenti modalità:\r\n\r\nDirettamente dal tuo Smartphone, accedendo all’app MyTIM Mobile, attualmente disponibile in download gratuito nelle versioni per iPhone e per smartphone con sistema operativo Android.\r\nIn presenza di due o più bonus è prioritario quello con scadenza più immediata.\r\n\r\nTi ricordiamo che il bonus in euro non può essere utilizzato per le chiamate internazionali, per le chiamate verso numerazioni non geografiche (in Italia e all’estero) e per il traffico roaming (ad eccezione del traffico roaming dati).', '', '', 3, 1),
(23, 'Tariffa base per navigare', 'Flat Day è la tariffa base per la navigare in Internet da Smartphone, PC e Tablet per un massimo di 500MB al giorno al costo di 4€ (IVA inclusa).\r\n\r\nLa tariffa base Flat Day interviene in assenza di un’offerta dati attiva sulla tua linea. In questa circostanza se effettui una connessione Internet scatta un gettone giornaliero di 4€ per 500MB di traffico dati da utilizzare nell’arco della stessa giornata (fino alle 23:59).\r\n\r\nIl costo della Flat Day viene addebitato solo nei giorni di effettivo utilizzo al primo evento di connessione. Al raggiungimento di 500MB di traffico dati nella giornata, la velocità di navigazione si riduce a 32 Kbps senza ulteriori costi aggiuntivi. I MB di traffico a disposizione nel giorno vengono conteggiati a scatti unitari anticipati di 1KB. L''eventuale traffico Internet non consumato nella giornata viene azzerato.\r\n\r\nNota bene:\r\n\r\nLa tariffa base giornaliera è valida per la navigazione Internet in Italia su tutti gli APN (ibox.tim.it, wap.tim.it e blackberry.net).\r\nIl gettone di traffico acquistato è fruibile solo su territorio nazionale fino alle 23:59 della stessa giornata.\r\nSe hai attiva sulla tua linea un’offerta dati TIM per navigare da Smatphone, Tablet e PC, che prevede il rinnovo automatico settimanale o mensile, ricorda che il rinnovo avviene entro 4 ore dalla mezzanotte della data di scadenza, ma se effettui traffico dati prima che l’offerta si sia rinnovata, ti sarà applicata la Flat Day. Ricorda quindi di verificare sempre l’avvenuto rinnovo della tua offerta dati tramite il 40916 (per Clienti Ricaricabili) o il 40915 (clienti con Abbonamento), attraverso l''app MyTIM Mobile o via web accedendo alla sezione MyTIM Mobile.\r\nRicorda che TIM ti permette di proteggere la tua spesa mensile per navigare in Internet con Smartphone, PC e Tablet. Clicca qui per maggiori dettagli.\r\nSe pensi di utilizzare il servizio di navigazione Internet, in alternativa alla Flat Day, ti consigliamo di attivare una delle offerte dati TIM scegliendo quella più corrispondente alle tue esigenze. Per maggiori informazioni sulle offerte disponibili clicca qui o recati in un Negozio TIM.\r\n', '', '', 3, 0),
(24, 'MyTIM Fisso (controllo costi)', 'Registrandoti a MyTIM Fisso o scaricando l’Applicazione per smartphone e tablet avrai a disposizione tutte le informazioni relative alla tua linea di casa.\r\n\r\nPotrai visualizzare i servizi e le offerte attive sulla tua linea telefonica, pagare le tue fatture e avere informazioni relative al traffico.', 'Q: Perché dovrei registrarmi a MyTIM Fisso o scaricare l’App MyTIM Fisso ?:Q Q: Come posso visualizzare la mia fattura?:Q', 'A: Innanzi tutto perché è semplice e veloce, poi, perchè hai la possibilità di gestire autonomamente la tua linea!\r\n\r\nCompila il modulo di registrazione per accedere ai nostri servizi.\r\n\r\nLa registrazione è completa e certificata se utilizzi un collegamento di linea fissa TIM associato al codice fiscale da registrare:\r\n\r\nSe sei già un cliente Internet di TIM potrai accedere utilizzando username e password di TIM Mail o Alice Mail.\r\nSe effettui la registrazione fuori casa o da una linea fissa non TIM, dovrai chiamare (dalla linea di casa) il numero gratuito 40 123 opzione 2.\r\nLe credenziali di accesso all''app MyTIM Fisso per smartphone e tablet sono quelle con le quali ti sei registrato a MyTIM Fisso.:A A: Il ”mio conto" è il servizio gratuito che TIM ti offre per visualizzare la tua fattura di linea fissa direttamente online, prima ancora che sia recapitata a casa via posta.\r\nCon "Il mio Conto" puoi scegliere di non ricevere più il tuo conto TIM in versione cartacea, risparmiando così le spese di spedizione.\r\nVisualizzare "Il mio conto" è molto semplice:\r\nbasta registrarsi e, se lo desideri, selezionare l’opzione di eliminazione dell’invio cartaceo della fattura. Se non sei registrato, registrati ora.:A', 3, 1),
(25, 'MyTIM Mobile (controllo costi)', 'In MyTIM Mobile hai a disposizione tutte le informazioni che riguardano la tua linea mobile.\r\n\r\nPuoi tenerti costantemente aggiornato sulle offerte che TIM ha pensato per  te, visualizzare il tuo traffico telefonico, verificare il credito residuo ed effettuare ricariche, visualizzare e pagare online la tua fattura.\r\n\r\n', 'Q: Come posso registrare la mia SIM a MyTIM Mobile?:Q Q: Guida alla registrazione a MyTIM Mobile.:Q', 'A: Registrarsi a MyTIM Mobile è facile e veloce. Accertati di avere accanto a te il telefonino e procedi cliccando sul tasto “Registrati”.:A A: Clicca sul tasto Registrati e procedi inserendo  il numero dell’utenza che vuoi registrare ed il codice di sicurezza visualizzabile nell’immagine. Riceverai un sms (*) con un codice temporaneo che dovrai inserire nell’apposito campo.\r\nLa tua username sarà il numero di telefonino. Ti sarà richiesto di scegliere una password di 8 cifre numeriche e di inserire il tuo indirizzo di posta elettronica. Riceverai quindi una mail da parte di TIM che ha come oggetto: Notifica da www.tim.it - verifica indirizzo email (se non la trovi  nella casella “Posta ricevuta” verifica se non sia all’interno della casella spam/posta indesiderata). Clicca sul link presente all’interno della mail per confermare l’indirizzo di posta elettronica fornito e completare così il processo di registrazione a MyTIM Mobile.\r\nCon le stesse username e password potrai accedere a MyTIM Mobile anche da smartphone e dall’APP MyTIM Mobile (in wifi).:A', 3, 0),
(26, 'Cos’è TIMgames', 'TIMgames è servizio TIM edicato al gaming che consente a tutti i clienti di scaricare su tablet e smartphone i migliori giochi on demand e in abbonamento per il mondo mobile.\r\n\r\nCon TIMgames avrai a disposizione una library di oltre 1500 giochi, aggiornata ogni settimana con nuovi titoli e giochi in offerta presenti nell’area promozioni dello store.\r\n\r\nTIMgames èaccessibile sia da App (scaricabile da Google Play) che da browser su www.timgames.it L’utente può scegliere la modalità di acquisto preferita tra on demand e abbonamento.\r\n\r\n\r\n', '', '', 4, 0),
(27, 'Come accedere a TIMgames', 'Puoi accedere al servizio TIMgames nei seguenti modi:\r\n\r\nSmartphone e Tablet Android:\r\n\r\nSito mobile www.timgames.it\r\nApp TIMgames scaricabile da Google Play;\r\nN.B.: Con l’abbonamento I love Games promo attivo puoi scaricare da TIMgames tutti i giochi che vuoi sul tuo Smartphone/Tablet.\r\n\r\nApple e Windows Phone:\r\n\r\nSito mobile www.timgames.it', '', '', 4, 1),
(28, 'Cos’è TIMmusic', 'TIMmusic è la piattaforma di musica digitale di Telecomitalia dedicata a tutti i clienti che hanno uno smartphone/tablet TIM o una linea ADSL o Fibra  residenziale Telecom Italia o una chiavetta Internet TIM.\r\n\r\nCon TIMmusic puoi ascoltare milioni di brani in streaming senza limiti di tempo sul tuo smartphone e tablet o sul PC (clienti ADSL e Fibra Residenziale Telecom Italia o con chiavetta Internet TIM). Puoi  creare tue playlist personali o ascoltare quelle suggerite da dj e artisti famosi e condividere tutto sui principali social network. Il catalogo è sempre aggiornato con tutte le ultime uscite discografiche, spesso anche in anteprima esclusiva. E , se sei su mobile, non consumi GB perchè il traffico dati per l’ascolto di musica è incluso nel costo dell’abbonamento.', '', '', 4, 0),
(29, 'APP per smartphone e tablet', 'Per usufruire del servizio scarica gratis l’App TIMmusic dallo store del tuo Smartphone (App Store, Google Play, Windows Store o Blackberry App World*) o del tuo tablet (App Store, Google Play)\r\n\r\nPer versioni Apple iOS inferiori alla 7.0 aggiorna il sistema operativo.Valido solo per i BB con sistema operativo OS10 (Blackberry Z10, Blackberry Q5, Blackberry Q10, Blackberry Z30).\r\n', '', '', 4, 0),
(30, 'Cos’è TIMreading', 'TIMreading è lo Store di TIM che permette di acquistare e leggere eBook, quotidiani e Magazine su PC, Tablet e Smartphone.\r\n\r\nI contenuti disponibili sullo store sono:\r\n\r\n11 quotidiani nazionali e sportivi, completi di allegati ed edizioni locali, disponibili in abbonamento settimanale o mensile sul proprio PC, Tablet o Smartphone, per seguire l’informazione dalle prime ore del mattino\r\n\r\noltre 50 Magazine in copia singola o in abbonamento, per scoprire le nuove tendenze e nuove mete, seguire i gossip e l’attualità\r\n\r\noltre 75.000 eBook tra best seller, gialli, romanzi rosa, classici e tanto altro, per passare il tempo leggendo un buon libro.\r\n\r\n ', 'Q: Cos''è un eBook?:Q Q: Quali sono le dimensioni di un eBook / Quanto pesa un eBook?:Q', 'A: Un eBook è la versione elettronica di un libro stampato o stampabile, che può essere scaricato e letto su un PC, un Tablet o uno Smartphone. Un eBook offre un''esperienza di lettura molto simile al libro tradizionale e in più tutta la flessibilità e il potenziale offerto dai dispositivi digitali.:Q A: Il libro elettronico non ha un peso fisico ma un peso in KB o MB che corrisponde allo spazio di memoria occupato dal file nel dispositivo lettore, variabile a seconda delle caratteristiche del libro (numero di pagine, presenza di immagini, multimedialità e altro). In media il peso varia tra i 100KB e i 2MB.:Q', 4, 1),
(31, 'Tutti i modi per acquistare', 'Su TIMreading puoi acquistare eBook, quotidiani e magazine con queste modalità:\r\n\r\ntutti i contenuti (eBook, quotidiani e Magazine) sono acquistabili da PC e Tablet accedendo al sito www.timreading.it e navigando nel catalogo\r\ngli eBook sono acquistabili anche da Smartphone tramite il sito mobile m.timreading.it. In questo caso, per completare l''acquisto, devi aver precedentemente configurato lo strumento di pagamento sul tuo profilo\r\ngli eBook e Magazine sono acquistabili anche tramite l’ App TIMreading per Smartphone e Tablet Android, nella sezione SHOP (l''App per Smartphone consente l''acquisto dei soli eBook). In questo caso, per completare l''acquisto, devi aver precedentemente configurato lo strumento di pagamento sul tuo profilo.\r\nIl pagamento dei contenuti o degli abbonamenti acquistati su TIMreading può avvenire con carta di credito, addebito in bolletta Telecom Italia o credito mobile TIM/bolletta TIM.\r\n\r\nSono accettate tutte le carte di credito del circuito VISA, MasterCard, American Express, comprese le prepagate e le Postepay.\r\nIl numero di carta di credito può essere inserito al momento dell''acquisto o configurato precedentemente tra gli strumenti di pagamento, durante la registrazione allo store o successivamente nel proprio profilo.\r\nQuesto ti consentirà di acquistare i tuoi eBook anche quando sei in mobilità, cioè se accedi allo store TIMreading da Tablet o Smartphone. In ogni caso per garantire la tua sicurezza ti verrà sempre chiesto l''inserimento del codice di sicurezza della tua carta di credito.\r\nAttenzione: se acquisti un abbonamento con carta di credito, puoi modificare la carta di credito salvata nel tuo profilo in qualsiasi momento, purché ve ne sia sempre una memorizzata, altrimenti il rinnovo dell''abbonamento non andrà a buon fine e quindi il servizio sarà disattivato.', 'Q: Posso acquistare più di un abbonamento ad un quotidiano?:Q', 'A: Sì, puoi acquistare più di un abbonamento se scegli giornali diversi, mentre sullo stesso giornale potrai attivare l''abbonamento settimanale o in alternativa quello mensile.:A', 4, 0),
(32, 'Verifica il tuo traffico', 'Accedendo alla sezione MyTIM Mobile del nostro sito è possibile verificare il dettaglio dei consumi relativi al traffico effettuato.\r\n\r\nSe hai una linea prepagata: è possibile verificare il dettaglio del traffico effettuato a partire dal giorno precedente e fino agli ultimi 2 mesi rispetto alla data di consultazione.\r\n \r\nSe hai sottoscritto un abbonamento: oltre a verificare il saldo dei consumi in corso di fatturazione, è possibile verificare online e scaricare il pdf del traffico telefonico effettuato entro 90 gg. dalla data di scadenza della fattura di riferimento.\r\n', '', '', 3, 0),
(33, 'Vedere i propri abbonamenti', 'Per visualizzare il proprio abbonamento, puoi:\r\n\r\nentrare su www.timgames.it e cliccare su MyTIMgames.  All’interno della sezione “gestione abbonamenti” troverai tutti i dettagli del servizio da te sottoscritto;\r\nentrare nell’Area clienti del sito tim.it e cliccare poi nella sezione “opzioni”\r\noppure chiamare il 40916 e consultare le opzioni attive sul proprio profilo.\r\n', '', '', 4, 0),
(34, 'Disattivare un abbonamento', 'Per disattivare il tuo abbonamento, puoi farlo:\r\n\r\nall’interno dell’area clienti MyTIMgames, sul sito mobile www.timgames.it\r\ndirettamente online all’interno dell’Area clienti sul sito tim.it\r\nchiamando il numero gratuito 40916 (per Clienti Ricaricabili) e seguendo la voce guida\r\ninviando un SMS gratuito al numero 40916 con il testo ILOVEGAMESPROMO OFF\r\nchiamando gratuitamente il Servizio Assistenza Clienti 119\r\n', '', '', 4, 0),
(35, 'Come ascolto in wifi', 'L''App TIMmusic funziona anche in WiFi a seguito di un accesso tramite Rete TIM (3G/4G) da parte di un''utenza con abbonamento attivo: fuori casa puoi ascoltare TIMmusic collegandoti alla Rete dati mobile (di qualunque operatore); rientrando in casa, il tuo Smartphone/Tablet si aggancia in automatico al WiFi domestico e l''applicazione continua a funzionare senza interruzione.\r\n\r\nAttenzione per continuare a funzionare in WiFi, l''applicazione necessita periodicamente (ogni 7 giorni) di un nuovo collegamento sulla Rete dati TIM: dunque se hai un abbonamento TIMmusic attivo e sotto copertura WiFi senti solo 30 secondi di un brano, ti consigliamo di disabilitare la modalità WiFi e di aprire l''App TIMmusic sotto copertura 3G/4G. Subito dopo, riabilitando il WiFi, potrai riprendere ad ascoltare i brani completi in alta qualità.', '', '', 4, 0),
(36, 'Dove leggere', '\r\n\r\nI contenuti acquistati su TIMreading possono essere sfogliati su diversi dispositivi:\r\n\r\ngli eBook su PC, Tablet e Smartphone\r\n\r\ni Magazine su PC e Tablet\r\n\r\ni quotidiani su PC e Tablet e la maggior parte anche su Smartphone\r\n\r\nPer leggere i nostri eBook e Magazine devi disporre di un Adobe ID, ossia di una username e una password, con il quale Adobe® possa riconoscerti e assicurarsi che nessun altro oltre te possa leggere i contenuti che hai acquistato.\r\n\r\nVedi la pagina successiva di assistenza “Configurare l’Adobe ID”.\r\n\r\n \r\n\r\nLeggere su Tablet\r\n\r\nPer sfogliare eBook e Magazine sul tuo Tablet, bisogna scaricare l''App TIMreading da Google Play® (per terminali Android) o da Apple AppStore® (per terminali iOs). Inserisci le tue credenziali TIMreading ed Adobe: troverai i magazine e gli ebook acquistati in «La mia Edicola» e «La mia Libreria» pronti per essere scaricati e sfogliati.\r\n\r\n \r\n\r\nLeggere su Smartphone\r\n\r\nPuoi sfogliare sul tuo Smartphone gli eBook acquistati su TIMreading e buona parte dei quotidiani disponibili.\r\nPer leggere gli eBook, è necessario scaricare l''App TIMreading da Google Play® da Apple AppStore. Inserisci le tue credenziali TIMreading ed Adobe: troverai gli ebook acquistati in «La mia Libreria» pronti per essere scaricati e sfogliati.\r\nI quotidiani, invece, possono essere sfogliati sul sito mobile o sull’App del giornale che hai acquistato.\r\n\r\n \r\n\r\nLeggere su PC\r\n\r\nSe hai acquistato un eBook o un Magazine (in copia singola o in abbonamento), accedi al sito TIMreading con il tuo account e troverai tutti gli eBook e Magazine che hai acquistato nell’area “Le mie letture”. Per leggere da PC è necessario installare il software Adobe Digital Editions , scaricabile gratuitamente.', 'Q: Devo essere connesso a Internet quando leggo il mio eBook?:Q Q: Devo essere necessariamente online per leggere un quotidiano?:Q Q: Devo essere necessariamente online per leggere un Magazine su PC e Tablet?:Q', 'A: No. Una volta scaricato, l''eBook viene salvato sul tuo dispositivo di lettura (App TIMreading per Smartphone e Tablet o su PC).\r\n\r\nTi ricordiamo che, solo se sei un Cliente TIM e se hai attiva un’offerta Internet, il traffico internet per il download degli ebook è incluso su Rete mobile TIM 3G/4G per apn wap.tim.it e ibox.tim.it e non erode il bundle dati compreso nell’offerta dati.:A A: Se leggi il quotidiano da Tablet o Smartphone devi attivare una connessione dati per poter scaricare la copia del giorno. Dopo averla scaricata, potrai consultarla anche senza essere connesso, ma in questo caso i link ai contenuti multimediali non saranno utilizzabili.Se leggi il quotidiano da PC dovrai essere connesso per utilizzare lo sfogliatore dell''Editore. Per i quotidiani Corriere della Sera, La Gazzetta dello Sport, Il Messaggero, Il Mattino, Il Gazzettino, Corriere Adriatico e Nuovo Quotidiano di Puglia potrai scaricare il PDF dell''edizione giornaliera.:A A: No, una volta scaricato il Magazine sul tuo PC o dall’App TIMreading su Tablet, potrai leggerlo senza la necessità di una connessione dati. Ti ricordiamo che, solo se sei un Cliente TIM e se hai attiva un’offerta Internet, il traffico internet per il download dei magazine è incluso su Rete mobile TIM 3G/4G per apn wap.tim.it e ibox.tim.it e non erode il bundle dati compreso nell’offerta dati.:A', 4, 1),
(37, 'Cos''è Tim Vision', 'TIMvision è la nuova risposta alle esigenze di intrattenimento per tutta la famiglia. E’ la TV interamente on demand di TIM che tramite una connessione ADSL Illimitata o Fibra ti permette di godere di migliaia di titoli: il grande cinema, le serie TV più appassionanti, i cartoni animati più amati e tanto altro ancora come documentari, reportage e musica.\r\n\r\n \r\n\r\nI clienti TIMvision possono accedere a:\r\n\r\nTIMvision TV\r\nVideostore\r\nFree\r\nReplay TV\r\nL''abbonamento TIMvision ti permette di guardare tutti i contenuti su PC, Smart TV o TV con Decoder, tablet e smartphone senza consumare Giga, quando e dove vuoi.\r\n', '', '', 4, 0),
(38, 'Dove posso vedere Tim Vision', 'TIMvision è un servizio disponibile per clienti Telecom Italia e TIM e per clienti di altri operatori di telefonia fissa.\r\n\r\nDa qualsiasi TV tramite apposito decoder, da Smart TV e Blu-ray (Samsung e LG) compatibili, dal sito timvision.it, da app TIMvision per pc connessi con chiavetta TIM (massimo12 pollici), da app per Tablet e Smartphone, da app per sistema operativo Windows 8.\r\n\r\nCon l’abbonamento TIMvision è possibile vedere tutti i titoli fino a 6 diversi dispositivi senza alcun costo aggiuntivo. Il traffico Internet per la visione dei titoli su rete TIM è gratuito, infatti la visione non erode il traffico dati del proprio abbonamento.\r\n', '', '', 4, 0),
(40, 'Registrazione al servizio', 'La procedura di registrazione a TIMvision è necessaria per garantirti la sicurezza dell’acquisto e la visione gratuita dei titoli fino a 6 dispositivi.\r\n\r\nSe hai collegato il decoder TIMvision alla linea ADSL/Fibra di casa via ethernet o via Wifi, segui le indicazioni a video e con pochi semplici passaggi avrai completato la registrazione. Una volta connesso il decoder alla rete, potrai configurare un account TIMvision (email e password) dalla sezione Profilo/Modifica Account. In tal modo potrai utilizzare le credenziali per accedere su altri dispositivi compatibili TIMvision e vedere i titoli inclusi nell’abbonamento. Tali dati saranno sempre visualizzabili nella sezione Profilo/I Miei Dati\r\n\r\nSe stai accedendo dalla tua Smart TV per completare la registrazione potrebbe esserti richiesto di cliccare su un link inviato alla mail da te scelta. Ti consigliamo di farlo immediatamente per poter fruire quindi del servizio TIMvision nella sua completezza. Ricordati che la username (indirizzo email) e la password scelte dovranno essere inserite al primo accesso successivo sul tuo Smart TV per effettuare il login. Poi non ti saranno più richieste, a meno che tu non esegua il logout.\r\n\r\nSe stai accedendo dal tuo tablet/smartphone o da timvision.it entra in REGISTRATI. Le credenziali scelte dovranno inoltre essere utilizzate per autenticarsi su tutti i dispositivi compatibili con TIMvision.', '', '', 4, 0),
(41, 'Parental Control', 'La funzionalità Parental Control permette, se opportunamente attivata, di filtrare i contenuti non adatti alla fruizione da parte dei più piccoli o di persone particolarmente sensibili a immagini o tematiche ritenute inadatte.\r\n\r\nIl Parental Control è preimpostato sul livello medio in modo da impedire la visione dei contenuti consigliati ad un pubblico adulto. In fase di registrazione a TIMvision ti verrà richiesto di configurare un codice numerico di 4 cifre, cosiddetto PIN Parental Control. Questo PIN ti servirà per modificare successivamente il livello di Parental Control.\r\n', 'Q: Come posso attivare il Parental Control da TV ( con decoder)?:Q Q: Come posso attivare il Parental Control da tablet/smartpone o sito timvision.it ?:Q Q: Come posso recuperare il PIN Parental Control?:Q', 'A: Per attivare/modificare il livello del Parental Control entra in Profilo/I Miei Dati/Parental Control. Per modificarlo ti sarà richiesto di inserire il PIN Parental Control da te scelto nella fase iniziale di registrazione al servizio.:A A: Per attivare il Parental Control, registrati al servizio. Entra nel mio profilo e dalla sezione IMPOSTAZIONI/Parental Control. Da questa sezione potrai modificare il livello di Parental control inserendo il PIN definito in fase di registrazione.:A A: Puoi recuperare il PIN necessario per modificare il livello di parental control contattando il Servizio Clienti 187.:A ', 4, 1),
(42, 'Gli elenchi telefonici a casa tua', '\r\nServizio annuale di consegna degli elenchi telefonici\r\n\r\nIl servizio di consegna degli elenchi telefonici consente di ricevere ogni anno, comodamente presso l’indirizzo di ubicazione del tuo impianto telefonico, gli elenchi degli abbonati di linea fissa TIM e degli altri gestori telefonici, aggiornati all’anno in corso. Il servizio NON comprende il ritiro degli Elenchi telefonici relativi alle precedenti edizioni.\r\n\r\nIl servizio di consegna elenchi telefonici è a pagamento al costo annuale di 2,50 € (IVA inclusa). Il costo del servizio è addebitato sulla Fattura TIM della linea di casa; non è dovuto alcun importo agli addetti incaricati della distribuzione.\r\n\r\nTi ricordiamo che è possibile rinunciare gratuitamente in qualsiasi momento al servizio di consegna degli elenchi telefonici, contattando telefonicamente il Servizio Clienti linea fissa 187 o inviando una comunicazione scritta all’indirizzo Telecom Italia  indicato sulla Fattura o al numero verde fax 800000187 del Servizio Clienti; in tal caso TIM provvederà a non addebitare più il relativo importo.\r\nPer ulteriori informazioni sul servizio o per richiederlo in caso di precedente rinuncia, ti invitiamo a contattare il Servizio Clienti 187, a disposizione 7 giorni su 7, dalle 7.00 alle 22.30.', '', '', 1, 0),
(43, 'Verifica la copertura', 'Accedi direttamente all''area "Verifica Copertura” e digita il comune per il quale ti interessa ricevere informazioni di copertura; oppure selezionalo dalla mappa e riceverai indicazioni sulla presenza di segnale:\r\n\r\n2G (GSM,GPRS e EDGE) (per effettuare e ricevere telefonate/SMS/MMS e collegarti a Internet)\r\n3G (UMTS e HSPA)\r\n4G (LTE)\r\n4GPLUS (LTE Advanced)\r\nTieni sempre presente che l’indicazione fornita dal sito è riferita all’intero comune scelto e non alle singole strade perciò potrebbe accadere che anche in presenza di indicazione copertura sul territorio, alcune ristrette zone non siano completamente coperte dal segnale TIM; pertanto è sempre consigliabile effettuare una verifica sul campo, anche solo con un normale telefonino e una scheda TIM. Ricorda inoltre che, ove presente, i servizi e la copertura sono garantiti solo in outdoor, cioè all’esterno dei palazzi, e non all’interno delle mura domestiche o degli ambienti di lavoro.\r\n\r\nSe hai verificato che la tua zona è coperta dal servizio TIM ma il segnale rilevato dal telefonino è scarso o assente, ti consigliamo di:\r\n\r\nspegnere e riaccendere il telefonino e riprovare; questa semplice manovra può portare ad una soluzione immediata del problema.\r\nSe questo non risolve:\r\n\r\nEffettuare una prova incrociata inserendo la SIM su un altro cellulare per verificare se funziona correttamente ed escludere così la possibilità che si sia smagnetizzata. Contestualmente provare ad inserire un’altra SIM sul telefonino da cui si è riscontrato il problema al fine di accertare che lo stesso funzioni regolarmente;\r\nVerificare infine se altri clienti TIM della tua zona hanno riscontrato le stesse difficoltà, nel qual caso si evince che si tratta di un problema non legato solo alla tua linea telefonica.\r\nNel caso in cui il problema di segnale si manifesti da meno di 24 ore, può trattarsi di un disservizio momentaneo e ti consigliamo di attendere.\r\n\r\n', '', '', 1, 0);
INSERT INTO `assistance` (`idAssistance`, `nameAssistance`, `descriptionAssistance`, `questionsAssistance`, `answersAssistance`, `idCategory`, `highlightsBoolean`) VALUES
(44, 'Gli MMS', 'Il servizio MMS (Multimedia Message Service) permette di inviare:\r\n\r\nTesto con più di 1000 caratteri.\r\nFoto, immagini e filmati.\r\nSuonerie e file audio.\r\nI telefonini brandizzati TIM hanno già al loro interno le impostazioni corrette per utilizzare il servizio. Se necessario, per configurare gli MMS o se vuoi semplicemente verificarne le impostazioni, puoi consultare i manuali di configurazione disponibili all’interno della sezione Assistenza del sito TIM.it, alla voce “Configura online”, che ti guideranno nell’impostare i paramentri necessari. \r\n\r\n \r\n\r\nN.B. Se non conosci il modello del tuo telefonino puoi accedere direttamente alla sezione MyTIM Mobile.\r\nDopo esserti autenticato con la tua username e password, avrai accesso alla tua area personale ed il tuo modello di telefonino sarà automaticamente riconosciuto. Se non hai un telefonino compatibile con la tecnologia MMS o se il tuo telefonino non è abilitato all’invio e alla ricezione di MMS, puoi visualizzare il Messaggio Multimediale ricevuto sulla tua linea, accedendo:\r\n\r\nSe sei già registrato alla sezione Mail, inserendo i tuoi dati (nome utente e password).\r\nSe non sei registrato, all’indirizzo WEB che trovi nell’SMS di notifica che riceverai, contenente anche la password momentanea per la visualizzazione.\r\nPer i clienti ricaricabili: è necessario avere sufficiente credito residuo per effettuare questo tipo di traffico telefonico. L’invio e la ricezione di MMS avviene tramite connessione dati, e questa è abilitata solo a fronte della presenza di credito residuo sull''utenza. In ogni caso la ricezione degli MMS sul territorio nazionale non comporta alcun addebito.\r\n\r\nPer i clienti con abbonamento: per poter inviare e ricevere MMS, la linea deve essere abilitata alla connessione dati; alcune linee con Abbonamento possono essere inibite a tale traffico.\r\nInviare e ricevere MMS dall''estero è facile come quando sei in Italia, scopri gli Operatori con cui TIM ha accordi.\r\n\r\n \r\n\r\nInviare e ricevere MMS\r\n\r\nPer utilizzare il servizio MMS devono verificarsi le seguenti condizioni:\r\n\r\nTipologia e dimensione del messaggio multimediale consentita dal modello di telefonino.\r\nSIM da 64K o superiore.\r\nPresenza del segnale di rete.\r\nTraffico acquistato residuo (se sei cliente ricaricabile).\r\nAbilitazione su rete TIM (se sei cliente con abbonamento).\r\nCorretta configurazione dei parametri TIM per la ricezione/invio degli MMS\r\nSpazio sufficiente nella memoria del telefonino.\r\nSe non ricevi alcuni MMS devi assicurarti che il tuo telefonino risulti compatibile con il contenuto multimediale e che abbia sufficiente memoria libera. Nei casi in cui non è stato possibile ricevere l’MMS, potrai visualizzare il contenuto del messaggio tramite il servizio Mail del nostro sito.\r\n\r\nIl costo per l''invio di un MMS dall''Italia verso un numero nazionale dipende dal piano tariffario attivo sulla tua linea. Ricorda che puoi conoscere tutti i dettagli del tuo piano tariffario entrando nella sezione MyTIM Mobile cliccando sul nome della tua "Tariffa base".\r\n\r\nLa ricezione degli MMS su rete dati in territorio nazionale è gratuita.\r\nConoscere l''esito del tuo MMS, con la data, l''ora di consegna e di lettura avvenuta, è gratuito!\r\n\r\nAll’estero la tariffazione degli MMS inviati e ricevuti varia a seconda del Paese Estero che ti ospita.\r\nGli MMS inviati dall''Italia verso direttrici internazionali sono tariffati secondo i normali costi nazionali.', '', '', 1, 0),
(45, 'Recupero password MyTim', 'Se hai dimenticato o smarrito la password di accesso alla sezione MyTIM Mobile, (che è la stessa che utilizzavi per accedere in Area Clienti 119),  clicca su Recupera Password; riceverai tramite SMS una password temporanea che dovrai digitare.\r\n\r\nAccertati di avere accanto a te il telefonino\r\n\r\nRECUPERA PASSWORD\r\n', '', '', 1, 0),
(46, 'SEPA (Single Euro Payments Area)', 'TIM ha informato la propria clientela, attraverso uno specifico messaggio informativo in fattura, in merito all’applicazione del Regolamento UE 260/2012 che prevede, a partire dal 1° febbraio 2014, la sostituzione obbligatoria del servizio di addebito diretto nazionale con l’adozione di nuovi schemi di pagamento europei (SEPA).\r\n\r\nLe autorizzazioni all’addebito in conto (c.d. domiciliazioni RID bancarie e postali) per l’incasso di addebiti diretti periodici secondo uno schema nazionale, rilasciate al beneficiario del pagamento prima del 1° febbraio 2014, rimangono valide anche dopo tale data.\r\n\r\nTIM, in qualità di beneficiario del pagamento, utilizzerà quindi nel corso dei prossimi mesi i nuovi strumenti di addebito diretto SEPA, senza soluzione di continuità rispetto alle attuali domiciliazioni RID in essere con la propria clientela e mantenendo invariate le attuali modalità di pagamento.\r\n\r\nQualora gli addebiti dell’utenza telefonica fossero domiciliati su un conto corrente intestato a persona diversa dal titolare del contratto di abbonamento, TIM inviterà il titolare del contratto di abbonamento ad inoltrare comunicazione sulla prossima migrazione alla SEPA anche all’intestatario del conto corrente sul quale la domiciliazione è stata attivata.\r\n\r\n\r\nCos''è la SEPA?\r\nPer SEPA (Single Euro Payments Area o Area Unica dei Pagamenti in Euro) s’intende un’iniziativa dell’Unione Europea per l’integrazione nell’area dei sistemi di pagamento. Dopo l’introduzione delle monete e delle banconote in Euro avvenuta nel 2002, le autorità Europee, in particolare la Commissione Europea e la Banca Centrale Europea, in accordo con i Governi dei Paesi dell’Unione, si sono focalizzate sull’integrazione del mercato dei pagamenti in Euro.\r\n\r\nL’armonizzazione e l’integrazione della moltitudine degli schemi di bonifico ed addebito diretto esistenti nei diversi Paesi dell’Unione Europea e la loro sostituzione con schemi di pagamenti comuni ed utilizzabili in tutta Europa rappresenta un passo essenziale per il completamento dell’introduzione dell’Euro quale divisa di regolamento monetario.', 'Q: Quali sono i benefici attesi dalla realizzazione della SEPA?:Q Q: Quando si realizzerà la SEPA ?:Q Q: Quali sono gli strumenti di pagamento della SEPA?:Q', 'A: La realizzazione della SEPA consentirà agli utilizzatori dei servizi di pagamento, consumatori, imprese e Pubbliche Amministrazioni, di effettuare e ricevere pagamenti in Euro da e verso 33 Paesi (28 Paesi dell’Unione Europea più Islanda, Norvegia, Liechtenstein, Svizzera e Monaco) con la stessa facilità con la quali gli stessi sono ora eseguibili a livello nazionale.\r\n\r\nL’adozione di schemi di pagamento e standard comuni produrrà una riduzione dei costi legati al trasferimento monetario, faciliterà la competizione tra i fornitori di servizi di pagamento e stimolerà la realizzazione di servizi di pagamento innovativi.\r\n\r\nPer gli utilizzatori delle carte, i vantaggi saranno legati all''adozione, in sostituzione delle vecchie carte a banda magnetica, di nuove carte dotate di tecnologia chip e PIN (codice segreto) che garantiscono maggiore sicurezza per gli utenti ed all’uniformità nell''uso fuori dai confini nazionali: sarà possibile utilizzare la carta in tutta la SEPA e non solo nei singoli Paesi mantenendo le medesime condizioni e la stessa facilità d’uso.:A A: La realizzazione della SEPA ha tempistiche e modalità differenti per i diversi strumenti di pagamento: bonifici, addebiti diretti e carte di credito e di debito.\r\n\r\nPer quanto riguarda bonifici e addebiti diretti, nel 2012 il Legislatore Europeo ha emanato un Regolamento che stabilisce il 1° febbraio 2014 come termine ultimo entro il quale dovrà avvenire la sostituzione obbligatoria dei servizi di addebito diretto e di bonifico nazionali e l’adozione dei nuovi schemi di pagamento Europei aventi le caratteristiche tecniche definite dal Regolamento stesso.\r\n\r\nI pagamenti e i prelievi effettuati con carte di credito e di debito nei Paesi della SEPA sono invece regolati da una serie di principi generali, il cd. SEPA Cards Framework, che rappresentano il quadro di riferimento per l''evoluzione dei circuiti nazionali e internazionali verso la SEPA, in un contesto di autoregolamentazione del sistema bancario e finanziario.:A A: La realizzazione della SEPA ha tempistiche e modalità differenti per i diversi strumenti di pagamento: bonifici, addebiti diretti e carte di credito e di debito.\r\n\r\nPer quanto riguarda bonifici e addebiti diretti, nel 2012 il Legislatore Europeo ha emanato un Regolamento che stabilisce il 1° febbraio 2014 come termine ultimo entro il quale dovrà avvenire la sostituzione obbligatoria dei servizi di addebito diretto e di bonifico nazionali e l’adozione dei nuovi schemi di pagamento Europei aventi le caratteristiche tecniche definite dal Regolamento stesso.\r\n\r\nI pagamenti e i prelievi effettuati con carte di credito e di debito nei Paesi della SEPA sono invece regolati da una serie di principi generali, il cd. SEPA Cards Framework, che rappresentano il quadro di riferimento per l''evoluzione dei circuiti nazionali e internazionali verso la SEPA, in un contesto di autoregolamentazione del sistema bancario e finanziario.:A ', 3, 1),
(47, 'Promozioni e i rinnovi automatici', 'Se hai una linea Ricaricabile ed hai acquistato una Promozione che prevede il rinnovo periodico di un bundle di traffico in chiamate, SMS o navigazione Internet, ti ricordiamo che il rinnovo dell’opzione avverrà al massimo entro 4 ore dalla mezzanotte della data di scadenza prevista dall’offerta. Il rinnovo è sempre confermato con un SMS.\r\n\r\nTi ricordiamo di verificare che il giorno del rinnovo la tua TIM Card disponga di un credito sufficiente.\r\n\r\nPrima di usufruire del servizio ti invitiamo comunque a verificare l’avvenuto rinnovo del bundle previsto dalla Promozione contattando il numero gratuito 40916 (per Clienti Ricaricabili).\r\n\r\nInoltre potrai sempre verificare lo stato della tua Promozione consultando l''MyTIM Mobile, navigando dal telefonino sul sito TIM.it ottimizzato per il tuo Smartphone, oppure attraverso l''app MyTIM Mobile.', '', '', 3, 0),
(48, 'Il rendiconto TIM Online', 'Il servizio gratuito Rendiconto TIM Online, ti consente di visualizzare e stampare il tuo rendiconto telefonico TIM, valido ai fini fiscali, direttamente da MyTIM Mobile del sito TIM.it.\r\n\r\nSe hai sottoscritto un nuovo Abbonamento TIM, a meno di una tua diversa indicazione, il servizio “Rendiconto TIM Online” è già attivo: riceverai una notifica tramite SMS e mail (se hai già effettuato la registrazione a MyTIM Mobile o fornito e certificato un indirizzo di posta elettronica) quando un nuovo rendiconto telefonico sarà disponibile in MyTIM Mobile.\r\n\r\nLa registrazione a MyTIM Mobile di TIM.it è necessaria per poter usufruire del servizio.\r\n\r\nSe invece ricevi la fattura cartacea e desideri attivare il Rendiconto TIM OnLine, segui questi semplici passaggi:\r\n\r\nAccedi a MyTIM Mobile del sito tim.it, oppure clicca sulla voce Registrati se sei un utente non ancora registrato.\r\nClicca sul tasto ATTIVA che troverai, una volta eseguito l''accesso, nell''area dedicata all''interno della sezione "Il tuo Rendiconto telefonico".\r\nAllo stesso modo potrai, quando vorrai, disattivare il servizio, ripristinando così l''invio del rendiconto telefonico in formato cartaceo.\r\n\r\nL’attivazione o la disattivazione del servizio “Il Rendiconto TIM online”, con la relativa eliminazione o ripristino dell’invio del rendiconto cartaceo, partirà dal bimestre di fatturazione in cui la richiesta è stata effettuata.\r\n\r\nCon il servizio attivo il tuo nuovo recapito di fatturazione sarà il tuo MyTIM Mobile e le mail sia di benvenuto che di disponibilità del rendiconto, ti saranno inviate all’ultimo indirizzo di posta elettronica che ci hai fornito e validato; allo stesso indirizzo ti verranno inviate le mail per ricordarti di effettuare il download del rendiconto entro cinque giorni dalla sua pubblicazione sul sito.\r\n\r\nTi ricordiamo, inoltre, che saranno disponibili online i rendiconti relativi agli ultimi 6 bimestri emessi.\r\n\r\nSe non hai domiciliato i pagamenti, con il servizio “Rendiconto TIM Online”, non ti sarà recapitato il bollettino premarcato. Per effettuare il pagamento del rendiconto è possibile scegliere tra le altre modalità di pagamento disponibili.', '', '', 3, 0),
(49, 'Documentazione dei consumi', 'È un servizio gratuito e su richiesta e permette di avere, ogni mese con la tua fattura, il dettaglio delle telefonate effettuate e dei servizi utilizzati.\r\n\r\nRiporta le chiamate effettuate dalla tua linea telefonica con l’indicazione del tipo di chiamata (es. locale, interurbana, ecc.) dell’offerta in cui rientra la chiamata, della data, dell’ora, del numero chiamato con le ultime cifre asteriscate, della fascia tariffaria, della durata e del costo.\r\n\r\nLa documentazione dei consumi è disponibile in due modalità:\r\n\r\nintegrale, in cui sono riportate tutte le telefonate\r\nsuperiore a 26 cent, elenca solo le telefonate con addebito superiore a questo importo.\r\n', 'Q: Come aderire alla documentazione consumi:Q Q: Documentazione online dei consumi:Q ', 'A: Per richiedere la documentazione dei consumi puoi:\r\n\r\nAccedere alla sezione MyTIM Fisso e attivare l''opzione "Documentazione consumi";\r\nChiamare gratuitamente il Servizio Clienti Linea Fissa 187.\r\nLa documentazione dei consumi di tutte le tue telefonate è disponibile gratuitamente e senza necessità di alcuna specifica richiesta anche online su questo sito.:A A: Cos''è\r\nAderendo a "Il mio conto" ricevi ogni mese, gratuitamente, la documentazione dei consumi per avere il dettaglio delle telefonate effettuate e dei servizi utilizzati. Il servizio riporta tutte le chiamate effettuate dalla tua linea telefonica con l’indicazione del tipo chiamata (es. locale, interurbana, ecc.) dell’offerta in cui rientra la chiamata, della data, dell’ora, del numero chiamato con le ultime cifre asteriscate, della fascia tariffaria, della durata e del costo.\r\nCome aderire\r\nVisualizzare la documentazione dei consumi online è molto semplice. Basta accedere alla sezione MyTIM Fisso  >  Il mio conto - Elenco fatture e cliccare su Visualizza e poi su Documentazione Consumi.\r\nSe già ricevi la documentazione cartacea dei consumi, puoi scegliere di recedere da questo servizio accedendo da MyTIM Fisso alla voce di menu  La mia linea > Riepilogo e modificando l’opzione “Documentazione consumi”. Comunque, avrai a tua disposizione la visualizzazione online dei tuoi consumi.\r\nI vantaggi\r\nTanti i vantaggi offerti dal servizio:\r\nhai sempre online il dettaglio delle chiamate degli ultimi 5 mesi con possibilità di visualizzarli e di salvarli sul tuo PC.:A', 3, 1),
(50, 'Domiciliare la fattura mobile ', 'Scegliendo la domiciliazione su conto corrente l''addebito della fattura avviene direttamente sul conto corrente bancario o postale.\r\n\r\nIn questo modo non hai più l''esigenza di memorizzare le scadenze dei pagamenti, che vengono effettuati senza ritardo.\r\n\r\nNaturalmente la fattura della linea mobile ti viene inviata e/o messa a disposizione sul web in MyTIM Mobile con un congruo anticipo rispetto alla scadenza, così hai la possibilità di effettuare le dovute verifiche e, se necessario, chiedere alla tua banca o agenzia postale la sospensione del pagamento qualora ci fossero delle incongruenze. L''addebito viene effettuato l''ultimo giorno utile per il pagamento. Hai comunque la facoltà di stornare un addebito domiciliato entro 8 settimane da quando è stato effettuato.\r\n\r\nSe sei titolare di un conto corrente bancario o postale puoi compilare ed inviare direttamente online il modulo di autorizzazione permanente di addebito in conto. Puoi farlo nella sezione “Moduli”, selezionando “Clienti con Abbonamento” e premendo il pulsante “COMPILA” in corrispondenza  della voce “Richiesta Domiciliazione Bancaria”\r\n\r\nIn alternativa puoi scaricare la versione pdf dello stesso modulo “Richiesta Domiciliazione Bancaria” che, compilato e firmato, dovrà essere spedito in busta chiusa al seguente indirizzo:\r\n\r\nTelecom Italia S.p.A. c/o ABRAMO COSTUMER CARE \r\ncasella postale 500 - 88900 Crotone.\r\n ', 'Q: Come posso modificare la domiciliazione bancaria della mia fattura mobile?:Q ', 'A: Se vuoi modificare il conto corrente bancario di appoggio per il pagamento ricorrente delle tue fatture mobili è necessario seguire le seguenti indicazioni:\r\n\r\n1- inoltrare la richiesta di revoca della domiciliazione bancaria attualmente in essere, compilando ed inviando direttamente online l’apposito modulo disponibile nella sezione MODULI sotto la voce “clienti con abbonamento”. Il modulo può in alternativa essere scaricato in formato pdf ed inviato tramite posta.\r\n2- inoltrare la nuova richiesta di domiciliazione bancaria completa dei nuovi dati bancari seguendo le indicazioni sopra descritte per l’attivazione della domiciliazione bancaria.:A ', 3, 1);

-- --------------------------------------------------------

--
-- Structure of table `categoriesAssistance`
--

CREATE TABLE `categoriesAssistance` (
  `idCategory` int(11) NOT NULL,
  `nameCategory` varchar(255) COLLATE utf8_bin DEFAULT NULL,
  `photoCategory` varchar(30) COLLATE utf8_bin NOT NULL,
  `descriptionCategory` mediumtext COLLATE utf8_bin NOT NULL
) ENGINE=InnoDB DEFAULT CHARSET=utf8 COLLATE=utf8_bin;

--
-- Dump of data for tabel `categoriesAssistance`
--

INSERT INTO `categoriesAssistance` (`idCategory`, `nameCategory`, `photoCategory`, `descriptionCategory`) VALUES
(1, 'Gestione Linea e Servizi', 'gestionelinea.png', 'Tutto per la gestione di linea fissa e mobile per te.\n'),
(2, 'Supporto Tecnico', 'supportotecnico.png', 'Problemi di configurazione e installazione? non più!\n'),
(3, 'Controllo Costi', 'controllocosti.png', 'Tutto ciò che devi sapere per monitorare i tuoi dati.\n'),
(4, 'SmartLife', 'salute.png', 'Risolvi i tuoi dubbi sui nostri servizi smart life!'),
(5, 'Highlights', 'promotions.png', 'Le domande più frequenti sui servizi TIM.\r\n');

-- --------------------------------------------------------

--
-- Struttura della tabella `productassistance`
--

CREATE TABLE `productAssistance` (
  `idProduct` int(11) NOT NULL,
  `idAssistance` int(11) NOT NULL
) ENGINE=InnoDB DEFAULT CHARSET=latin1;

--
-- Dump dei dati per la tabella `productAssistance`
--

INSERT INTO `productassistance` (`idProduct`, `idAssistance`) VALUES
(1, 22),
(1, 33),
(2, 6),
(2, 7),
(2, 8),
(3, 6),
(3, 7),
(3, 8),
(4, 6),
(4, 7),
(4, 8),
(5, 6),
(5, 7),
(5, 8),
(6, 22),
(7, 32),
(7, 43),
(7, 44),
(8, 6),
(8, 7),
(9, 6),
(9, 7),
(9, 28),
(10, 28),
(10, 30),
(11, 28),
(11, 30),
(12, 27),
(13, 26),
(13, 28),
(14, 26),
(14, 30),
(15, 28),
(15, 30),
(16, 26),
(16, 30),
(17, 23),
(17, 26),
(18, 26),
(18, 28),
(19, 28),
(19, 30),
(20, 26),
(20, 28),
(21, 26),
(21, 28),
(21, 30),
(22, 1),
(22, 2),
(23, 3),
(23, 4),
(24, 1),
(24, 4),
(24, 21),
(25, 1),
(25, 21),
(25, 42),
(26, 4),
(26, 42),
(26, 46),
(27, 8),
(27, 28),
(27, 35),
(27, 47),
(28, 33),
(28, 34),
(29, 28),
(29, 29),
(30, 28),
(30, 29),
(30, 30),
(31, 28),
(31, 30),
(32, 8),
(32, 29),
(33, 28),
(33, 29),
(34, 29),
(35, 29),
(36, 29),
(37, 29);

-- --------------------------------------------------------

--
-- Structure of table`products`
--

CREATE TABLE `products` (
  `idProduct` int(11) NOT NULL,
  `nameProduct` varchar(45) COLLATE utf8_bin DEFAULT NULL,
  `photoProduct` varchar(30) COLLATE utf8_bin NOT NULL,
  `priceProduct` int(11) NOT NULL,
  `descriptionProduct` mediumtext COLLATE utf8_bin NOT NULL,
  `technology` varchar(64) COLLATE utf8_bin DEFAULT NULL,
  `connectivity` varchar(64) COLLATE utf8_bin DEFAULT NULL,
  `gps` varchar(16) COLLATE utf8_bin DEFAULT NULL,
  `display` varchar(64) COLLATE utf8_bin DEFAULT NULL,
  `processor` varchar(64) COLLATE utf8_bin DEFAULT NULL,
  `memory` varchar(64) COLLATE utf8_bin DEFAULT NULL,
  `camera` varchar(64) COLLATE utf8_bin DEFAULT NULL,
  `sim` varchar(16) COLLATE utf8_bin DEFAULT NULL,
  `audio` varchar(16) COLLATE utf8_bin DEFAULT NULL,
  `video` varchar(64) COLLATE utf8_bin DEFAULT NULL,
  `dimensions` varchar(24) COLLATE utf8_bin DEFAULT NULL,
  `weight` varchar(10) COLLATE utf8_bin DEFAULT NULL,
  `promotionProduct` tinyint(1) NOT NULL DEFAULT '0',
  `idCategory` int(11) NOT NULL
) ENGINE=InnoDB DEFAULT CHARSET=utf8 COLLATE=utf8_bin;

--
-- Dump dei dati per la tabella `products`
--

INSERT INTO `products` (`idProduct`, `nameProduct`, `photoProduct`, `priceProduct`, `descriptionProduct`, `technology`, `connectivity`, `gps`, `display`, `processor`, `memory`, `camera`, `sim`, `audio`, `video`, `dimensions`, `weight`, `promotionProduct`, `idCategory`) VALUES
(1, 'iPhone 6s 16gb', 'iphone6s.jpg', 789, 'Display Retina HD of 4,7" with 3D Touch. Aluminum series 7000 and glass more resistant. Chip A9 with 64 bit-architecture desktop-level. New camera iSight of 12MP with Live Photos. Touch ID. Connections Wi-Fi e 4G LTE faster.1 Long-life battery.2 And more, iOS 9 and iCloud. All this in an elegant unibody shell.\n', 'iOS 9 and iCloud', '4G LTE Advanced1 and Wi-Fi 802.11a/b/g/n/ac with MIMO techonolog', 'yes', 'Display Retina HD of 4,7" with 1334x75 risolution', 'Chip A9 with integrated M9 coprocessor of movement', '16 GB', 'Camera iSight of 12 megapixel with Focus Pixels, True Tone Fl', NULL, NULL, '4K video registration at 30 fps, slow-motion (1080p) at 120 fps,', '138,3 mm, 67,1 mm, 7,1 m', '143 g', 1, 1),
(2, 'Nokia Lumia 950', 'lumis.jpg', 500, 'Higher level functions, eccellent design and the best experience with Windows 10: choose Lumia 950 and transform any moment in a big conquest.\r\n', '\r\n4G cat.6/HSDPA 42/UMTS/EDGE/GPRS Frequencies 850/900/1800/1900', 'Wi-Fi - Bluetooth - Micro USB - NFC ', 'Integrated', '5.2” 16 Million colors Touch', 'HexaCore 1.8 GHz', '32 GB', '20 Mpixel/Flash', 'Micro SD up to ', 'MP3 Player', 'Video Recorder&Playback', '45x73,2x8,25 mm\r\n\r\n', '\r\n150 g', 0, 1),
(3, 'LG G5', 'lg.jpg', 600, 'The new LG G5 is a new kind of smartphone which comes through all limits, with a modular desing completely built in metal which revolutionizes design standards. Exapand functions, interact with innovative LG Friends and try a really innovative smartphone experience. The G5 revolution keeps going with the double wide-angle lens camera, which captures more than what your eyes can see. Also under the sun, because the new display IPS Quantum is richer, brighter and more colored even under directly the light of sun. And it always shows you main notifications even when its not active. New LG G5: what you dont expect, in your own hand.', '4G cat.6/HSDPA42/UMTS/EDGE/GPRS  Frequencies 850/900/1800/1900/2', 'Wi-Fi - Bluetooth – Infrared - USB type C – NFC', 'integrated', '5.3” 16 Million colors Touch', 'Processor Snapdragon™ 820 QuadCore 2.15 GHz - 4G LTE', '32GB\r\nSlot Memory Card Micro SD up to 2TB', '2 back cameras of 16 Mpxl with flash and front camera', 'Nano', 'MP3 Player', 'Video Recorder&Playback', '149,4x73,9x7,3 mm\r\n\r\n', '159 g', 0, 1),
(4, 'Samsung Galaxy S6', 'samsungs6.jpg', 639, 'Inspired by the shape of the artists , such as glassmakers and blacksmiths workshop , Samsung Galaxy S6 is the perfect combination of finely forged materials with each other . An unprecedented revelation made not only of extraordinary shape and shiny surfaces , but also of excellent substance with a wide spectrum of even more vibrant colors.', '4G cat.6/HSDPA42/UMTS/EDGE/GPRS Frequencies 850/900/1800/1900/21', 'Wi-Fi - Bluetooth - Micro USB - NFC', 'Integrated', '5.7” 16 Million colors Touch', 'OctaCore: (QuadCore 2.1 Ghz+QuadCore 1.5 Ghz)', '32GB', '16 Mpixel/Flash', 'Nano', 'MP3 Player', 'Video Recorder&Playback', '154,4x75,8x6,9 mm', '153 gr', 0, 1),
(5, 'Sony Xperia', 'sony.jpg', 629, 'A smartphone with inimitable performance that integrates a stunning camera that can predict the next movement of the subject..', 'Technology 4G/HSDPA 42/UMTS/EDGE/GPRS Frequencies 850/90', 'Wi-Fi - Bluetooth - Micro USB - NFC', 'Integrated', 'Full HD of 5” 1080p, Display TRILUMINOS', 'Processor Qualcomm® Snapdragon™ 650 Hexa-Core (1.8 GHz + 1.4 GH', 'Internal 3GB - Slot Memory Card Micro SD up to 200GB', 'Back of 23 Mpixel Exmor, Front of 13 Mpxl', 'Nano', 'MP3 Player - Rad', 'Video Recorder&Playback', '143,7 x 70,5 x 8,6 mm', '165 gr', 1, 1),
(6, 'Huawei P9', 'huaweip9.jpg', 600, 'Huawei P9 shows its design lines with a strong visual impact , characterized by diamond -cut edges and rounded to perfection . The smartphone has a unibody structure in aerospace aluminum and glass 2.5D of higher category, and it is available in two colors: Titanium Grey and Mystic Silver.', 'Technology 4GPlus/4G/HSDPA 42/UMTS/EDGE/GPRS Frequencies', '4G cat.6/HSDPA42/UMTS/EDGE/GPRS Frequencies 850/900/1800/1900/21', 'GPS Integrated', 'Display IPS Full HD da 5.2’’', 'Processor Kirin 955 - Octa-Core (4x2,5 GHz + 4x1,8 GHz)', '32GB', NULL, 'Nano', '', NULL, '145 x 70,9 x 6,95 mm', '144 gr', 0, 1),
(7, 'LG K8', 'lgk8.jpg', 180, 'The new series K of LG offers you a range of smartphones that reflect your personality . LG K8 accompanies you on your travels and will surprise you with detailed selfies all to share with the network speed 4G LTE', '4G cat.4/HSDPA42/UMTS/EDGE/GPRS Frequencies 850/900/1800/1900/2', 'Wi-Fi - Bluetooth - Micro USB - NFC', 'Integrated', '5” 16 Million colors Touch', 'Processor QuadCore 1.3 GHz', '8GB with Slot Memory Card Micro SD up to 32GB', 'Back of 8 Mpxl with flash', 'Nano-sim', 'Video Recorder&P', 'MP3 Player - Radio FM', '144,6x71,5x8,7 mm', '142 gr.', 0, 1),
(8, 'TIM Facile', 'timfacile.jpg', 40, 'The forefront cordless, but FACILE to use\r\n\r\nFACILE MAXI è un cordless, practical, functional and elegant with excellent performance.\r\n\r\nIts display 1.8 " high-contrast large print ensures optimum readability ; the large keyboard with well spaced keys and illuminated facilitates dialing; the sound is crisp and clear , even in hands-free.\r\n\r\nFACILE MAXI protects the environment and saves energy by 60 % compared to a similar cordless previous generation , the consumption of the base in standby is less than 0,7W.', 'cordless DECT-GAP: energy-efficient system', NULL, NULL, 'from 1,8'''' display illuminated, 96X64 px, with date and hour', NULL, 'the phonebook can store up to 150 names and numbers', NULL, NULL, 'wide choice betw', NULL, '\r\nportable: 157 x 51 x ', 'basis: 198', 1, 1),
(9, 'Huawei P9 Plus', 'huawei.jpg', 750, 'The experience of Huawei P9 is elevated to a higher level with Huawei P9 Plus thanks to the bright display of 5.5 " and stylish metal body . Thanks to the perfect combination of hardware and superior double Leica camera class software , P9 Plus lets you capture the highest quality images without sacrificing the compact and stylish design.', '4G cat.6/HSPA+/EDGE/GPRS Frequencies 850/900/1800/1900Wi-Fi 802.', NULL, 'GPS Integrated, ', 'Display Full HD Amoled of 5.5’’’', 'Processor Kirin 955 - Octa-Core (4x2,5 GHz + 4x1,8 GHz)', '64GB, Micro SD up to 128 GB', 'Double Leica camera of 12 Mpxl Dual Flash + front of 8 M', NULL, NULL, NULL, '152.3 x 75.3 x 6.98 mm', '162 g', 0, 1),
(10, 'iPhone SE', 'iphonese.jpg', 500, 'The most powerful 4'' phone of ever. iPhone SE follow a highly succesfull compact design adding two advanced cameras and an incredible processing power. Designed to fit comfortably in your hand and be pleasant to the touch , thanks to the satin finish of the aluminum shell microsandblasted.\r\n\r\niPhone SE has a display Retina of 4’’, chip A9 with 64-bit architecture dextop-level, \r\nfingerprint sensor Touch ID, camera iSight of 12MP, videocamera FaceTime HD with Retina flash, Live Photos e connections Wi-Fi and 4G fast. And more, iOS 9 and iCloud.', 'system: iOS 9 and iCloud', '4G LTE', 'Integrated', 'Display Retina of 4" with 1136x640 pixel resolution\r\n\r\n', 'Chip A9 with 64-bit architecture, M9 Coprocessor of movement ', 'internal 64 GB', '\r\nCamera iSight of 12MP with Focus Pixels and flash True Tone ', NULL, NULL, 'Video registration 4K at 30fps, slowmotion at 240 fps, FaceTime ', NULL, NULL, 0, 1),
(11, 'ZTE Blade', 'zte.jpg', 80, 'Only TIM gives you the TIM SIM - Plus with 128 Kbytes of memory. The only card that allows you to exploit the full potential of your GSM and UMTS mobile phone by offering the most advanced and innovative services.', 'System Android 5.1', 'HSDPA21/UMTS/EDGE/GPRS - Wi-Fi - Bluetooth - Micro USB', 'Integrated', '5” 16 Million colors Touch', 'DualCore 1.3 GHz', '8GB - Slot Memory Card Micro SD up to 32GB', '8 Mpixel/Flash', 'Nano', 'MP3 Player - Rad', 'Video Recorder&Playback ', '143,5 x 71,8 x 8,6 mm', '\r\n142 gr.', 0, 1),
(12, 'Samsung Galaxy S6 Edge', 's6edge.jpg', 640, 'Inspired by the shape of the artists , such as glassmakers and blacksmiths workshop , Samsung Galaxy S6 is the perfect combination of finely forged materials with each other . An unprecedented revelation made not only of extraordinary shape and shiny surfaces , but also of excellent substance with a wide spectrum of even more vibrant colors .', '4GPLUS with System Android 5.', 'Wi-Fi - Bluetooth - Micro USB - NFC', NULL, '5.7” 16 Million colors Touch', 'OctaCore: (QuadCore 2.1 Ghz+QuadCore 1.5 Ghz)', NULL, NULL, NULL, NULL, NULL, NULL, NULL, 0, 1),
(13, 'Samsung Galaxy S7', 'samsungs7.jpg', 830, 'Only TIM gives you the TIM SIM - Plus with 128 Kbytes of memory. The only card that allows you to exploit the full potential of your GSM and UMTS mobile phone by offering the most advanced and innovative services .', '4G cat.9/HSDPA42/UMTS/EDGE/GPRS Frequencies 850/900/1800/1900/21', 'Wi-Fi - Bluetooth - Micro USB - NFC', NULL, '5.1” 16 Million colors Touch', 'OctaCore (QuadCore 2.3GHZ+QuadCore 1.6GHZ)', NULL, NULL, NULL, NULL, 'Video Recorder&Playback', NULL, NULL, 1, 1),
(14, 'Huawei MateS', 'huaweimt.jpg', 500, 'Huawei Mate S opens a new world of unlimited possibilities that can revolutionize our lives with a perfect blend of precious design and extraordinary interactivity', 'System Android 6.0', 'LTE,4G, Wi-fi, bte ', 'Integrated', NULL, 'OctaCore: (QuadCore 2.1 Ghz+QuadCore 1.5 Ghz)', NULL, NULL, NULL, NULL, NULL, NULL, NULL, 0, 1),
(15, 'iPad Pro', 'ipadpro.jpg', 840, 'iPad Pro 9,7” is a never seen concentrated of protability and performance. It''s thick only 6,1mm and weighs less than 500gr, but it has the brightest and most advanced display Retina of ever: with is True Tone sensors it fits to natural light, so eyes dont overstrain. Besides it has the 64-bit chip A9X destop-level, audio at 4 speakers, camera iSight and videocamera FaceTime HD, fingerprint sensor Touch ID, Wi-Fi and 4G LTE super fast connections and up to 10 hours of autonomy.2 Advanced,1 even more? Add the ultra-precise Apple Pencil and Smart Keyboard, and iPad Pro will become even more essential.', 'System iOS 9 with fingerprint sensors Touch ID', '4G LTE Advanced1, Wi-Fi 802.11ac with MIMO technoology', NULL, 'Retina Display 9,7” with True Tone and front caoting', 'Chip A9X of third generation with 64-bit architecture', NULL, 'iSight of 12MP with video at 4K\r\n', NULL, NULL, 'FaceTime HD (photos of 5MP)', NULL, NULL, 0, 2),
(16, 'Galaxy Tab', 'galaxytab.jpg', 300, 'The essential style and metallic frame enhance the new format 4 : 3 , giving the Galaxy TAB a modern and sophisticated look , ensuring maximum mobility thanks to the 7.5 mm thick and just 456 grams weight.', 'System Android™ 4.4.2 KitKat', 'LTE /HSDPA 42.2/HSUPA 5.76/, Wi-Fi 802.11 a/b/g/n, Bluetooth 4.0', NULL, '8" (1280x800) 16M of colors', 'Snapdragon 400 Quad-Core 1.2 GHz', '16GB (expandable up to 64GB)', '2 cameras of 3.2 Mpx and 1.3 Mpx', NULL, NULL, NULL, NULL, NULL, 1, 2),
(17, 'Huawei Mediapad', 'huaweimediapad.jpg', 250, 'Discover TIM with 4G Internet and prepare to fly on the web with your Smartphone LTE . Thanks to the new LTE technology (Long Term Evolution) you will browse quickly , smoothly and with reliable performance.', NULL, '', NULL, '8" (1280x800) 16M of colors', 'Snapdragon 400 Quad-Core 1.2 GHz', '\r\n16GB (expandable up to 64GB)', '13Mpx', NULL, NULL, NULL, '209.8x123.8x7.9mm', '310 grams', 0, 2),
(18, 'iPad mini', 'ipadmini.jpg', 530, 'To view it seems really small , but is ready to surprise you with outstanding performance : the new iPad mini 4 , thinner and lighter than ever , has all the power you need to do great things.', 'System iOS 8', 'Wi-Fi 802.11n with MIMO technology + Cellular - 4G LTE faster', NULL, 'Retina of 7,9" ', 'Chip A7', NULL, 'Fotocamera iSight of 5MP', NULL, NULL, NULL, NULL, NULL, 1, 2),
(19, 'Samsung Galaxy Tab 4', 'galaxytab4.jpg', 200, 'Multiscreen function can open two windows simultaneously . Display 8 " with WXGA resolution for brilliant colors and high definition . Design and ease of handling , a cover soft feel and refined details', 'System iOS 8', 'Wi-Fi 802.11n with MIMO technology + Cellular - 4G LTE faster', NULL, 'Retina of 7,9" ', 'Chip A7', NULL, 'iSight of 5MP - Videocamera FaceTimeHD', NULL, NULL, NULL, NULL, NULL, 0, 2),
(20, 'Acer ICONIA', 'iconia.jpg', 300, 'Buy or give a new 3G tablet marketed by TIM have included Internet traffic for 30 days to navigate 20GB and 10GB of TIM Cloud to automatically save your address book and photos. \r\n\r\nThe promotion is completely free and you dont have to pay any fees for activation. ', 'System Windows 8.1 + Office Home & Students 2013', 'HSDPA 21.2/HSUPA 5,76/,Wi-Fi Direct 802.11 a/b/g/n, Bluetooth 4.', NULL, '8" (1280x800) IPS', 'Intel Atom Quad-Core 1.8GHz', '32GB, 2GB RAM', NULL, NULL, NULL, NULL, '218.9 x 134.9 x 10.75 mm', '420 grams', 0, 2),
(21, 'Alcatel ONE TOUCH', 'alcatel.jpg', 100, 'Samsung Galaxy Note 10.1" 4G expands with 4G LTE connectivity, the tablet range with the screen 10.1   allowing you to share photos and videos even faster. It also highlights a chipset Quad -core 1.4 GHz , 5.0 megapixel rear camera with LED flash , uses micro - SIM ( 3FF format) and is characterized by the operating system Android 4.1.2 (Jelly Bean ) being inside the  integration of Google Mobile Suite as well as a series of Samsung -specific applications to enhance the efficiency and convenience of the S Pen integrated into the structure. The tablet is a top- cry for connectivity device ( including DLNA and Bluetooth 4 ) and versatility , with a microSD card slot and infrared interface to control home devices.', 'System Operativo Android 4.2 JB', 'HSDPA 21 Mbps /HSUPA, Wi-Fi 802.11b/g/n, Bluetooth 4.0', NULL, '7" (1024x600) 16M di colori', 'MT8312 DualCore da 1.3 GHz', '4GB (expandable up to 32GB)', '2 Megapixel and 0.3 Mpx front', NULL, NULL, NULL, NULL, NULL, 1, 2),
(22, 'ZyXel Repeater', 'repeater.jpg', 50, 'ZyXEL WRE6505 Wireless AC750 Range Extender allows you to easily extend existing wireless networks 802.11 b / g / n / ac in easy and fast way. You simply have to connect the repeater directly to the power and the LED signal strength indicator socket allows you to determine the ideal mounting location . The one-click Wi - Fi Protected Setup ( WPS Button on page 12 ) provides for the  installation of the Wireless Client without frustration and complete in a few steps the access network configuration.', 'Wi-Fi b/g/n a 2.4 GHz with speed transmission up to 300 Mb', 'Association with modem ADSL in WPS modality', NULL, NULL, NULL, NULL, NULL, NULL, NULL, NULL, NULL, NULL, 0, 3),
(23, 'AVM', 'avmrepeater.jpg', 90, 'With the new FRITZ!WLAN Repeater 1750E you can extend existing wireless networks, creating fast and stable connections which come up to 1300 Mbit/s with AC standard on frequency band of 5 GHz and at 450 Mbit/s with N standard on frequency band of 2,4 GHz.', 'Compatible with all Wi-Fi modems (also mobile)\r\n', 'Support Wi-Fi networks, up to 1750 Mbps at 2.4 and 5 GHz (dual b', NULL, NULL, NULL, NULL, NULL, NULL, NULL, NULL, '(L x H x P): more or les', NULL, 0, 3),
(24, 'Modem ADSL', 'modemtim.jpg', 70, 'Fast and wireless navigation\r\n\r\nWith Modem ADSL Wi-Fi you browse fast and wireless, using Wi-Fi interface or through 4 Ethernet gates.\r\n\r\nFaster navigation thanks to Wi-Fi wireless technology e better coverage of Wi-Fi network of your home(1).\r\nProtection: the WPA and WPA2 encryption prevents unauthorized access to the Wi - Fi network. Also available advanced features such as MAC address filtering and the integrated firewall .\r\nAll family connected : connect all PCs , smartphones and tablets to the new ADSL Wi - Fi modem and also share hard drive and printers connected to the USB port modem.\r\nNo problem installation : the modem will automatically configure itself on your ADSL line , without installing software.\r\nSave on electricity bills : the new modem , compared to a previous generation product Telecom Italy with the same functionality , saves up to 40 % of electricity on an average annual use (2).\r\nThe modem works only on Wi - Fi ADSL line Telecom Italy and is compatible with major operating systems (Windows 7, Vista, XP - MacOS 10.3).', '\r\nADSL/ADSL2+;speed up to 20 Mbps down/1 Mbps up ', 'Wi-Fi 802.11 b/g/n; transfer speed up to 300Mbps\r\n\r\n', NULL, NULL, NULL, 'Advanced rounting functions (DHCP server, NAT, NAPT, Virtual', NULL, NULL, NULL, NULL, NULL, NULL, 1, 3),
(25, 'Powerline Adapter', 'powerline.png', 50, 'Connect PC , modem and console using the power grid\r\n\r\nWant to transform your home electrical network into a network to browse and broadcast , where the wi - fi does not reach, data in digital format?\r\n\r\nWith Powerline Adapter you can do it.\r\n\r\nConnect between them PCs , modems and console without coverage problems , distance , or wiring : you just enter Powerline Adapter into your electrical outlets to create a home network that connects the various devices , with performance up to 200 Mbps.\r\n\r\nAnd the confidentiality of the data you transmit and receive is guaranteed by a cryptographic system.\r\n\r\nBuy Powerline Adapter in pairs directly on this site . You will receive it at home in free delivery.', 'network bridge RJ-45 on electric line with 1 gate Ethernet RJ-', 'up to 100Mbps on Ethernet gate and 200Mbps on electric line', NULL, NULL, NULL, NULL, NULL, NULL, NULL, NULL, NULL, NULL, 1, 3),
(26, 'Repeater ZyXEL N300', 'repeaterz.jpg', 40, 'Easily extend your Wi - Fi network with the N300 repeater ZyXEL compact design with wall mounting and easy installation.\r\n\r\nThe product allows you to extend the coverage of Wi - Fi network as your modem inside the home easily and fast to any network 802.11b/g/n.\r\n\r\nTo install the repeater just plug it into an electrical outlet Wi - Fi and press the WPS button , the device connects to the Wi - Fi modem at home , extending wireless network coverage in the rooms before unreached.\r\n\r\n\r\nWith LED indication of the intensity of the transmission signal in the house you can find the best position to maximize the extension of Wi - Fi signal.', 'Wi-Fi b/g/n at 2.4 GHz with 300 Mbps speed', 'Association with modem ADSL in WPS modality', NULL, 'LED intensity indicator transmission signal between repeaters', NULL, NULL, NULL, NULL, NULL, NULL, NULL, NULL, 0, 3),
(27, 'TIMTag', 'timtag.jpg', 130, 'TIMTag, the device that informs you about your friend''s position on all fours and the things you care about most. \r\nFollow in real time their movements on your smartphone without ever losing sight.\r\n\r\nWith TIMTag you have a state of the art GPS tracking device , an App dedicated intuitive and simple to use, including 12 months TIMTag and TIM Card Service!\r\nEverything at only 129€!\r\n', 'The TIMTag app is compatible with devices iOS and Android.\r\n\r\nTI', NULL, NULL, NULL, NULL, NULL, NULL, NULL, NULL, NULL, NULL, NULL, 0, 4),
(28, 'D-Link SmartHome', 'smarthome.jpg', 160, 'With the Smart Home HD Starter Kit you can set up , control, monitor and automate your home wherever you are.\r\nNel Kit there are included:\r\n\r\nOne Monitor HD (DCS-935L) \r\nOne Wi-Fi Motion Sensor (DCH-S150)\r\nOne smart plug (DSP-W215) \r\nThrough Mydlink Home App  for smartphone and tablet you have control of all the devices in order to simplify the management of the house , making it safer and smarter.', 'With Monitor HD, you can control your home in high definition', 'adsl oor D-Link Smart Home Starter Kit with a mobile connection', NULL, NULL, NULL, NULL, NULL, NULL, NULL, NULL, NULL, NULL, 0, 4),
(29, 'Watch Sport', 'watchsport.jpg', 370, 'Each collection Apple Watch is made of special alloys , designed to combine aesthetic and robustness . The case of Apple Watch Sport is made of silver anodized aluminum, sidereal gray , gold or rose gold , while in the Apple Watch models is made of stainless steel natural color or black sidereal . The case is available in two sizes : 38 mm and 42 mm . We have also created a range of interchangeable straps in exclusive materials . Apple Watch uses revolutionary technologies such as Digital Crown , the Taptic Engine and Force Touch . And thanks to a battery that lasts up to 18 hours , you can use it all day.*\r\n\r\n \r\n\r\n\r\n', 'Cardiofrequentimeter\r\nAccelerometer\r\nGyroscope\r\nLight sensor', 'Wi-Fi (802.11b/g/n at 2,4GHz)\r\nBluetooth 4.0', NULL, 'Glass Ion-X\r\nDisplay Retina with Force Touch', NULL, NULL, NULL, NULL, NULL, NULL, NULL, NULL, 1, 4),
(30, 'Nokia Cassa MD', 'nokiamd.png', 50, 'Speaker bluetooth Nokia MD-12 white color. NFC. \r\nListen to your favorite music is now easier chemai . With its ultra - compact design and a wide range of beautiful colors , MD -12 is quite piccoloda fit in your pocket . Experienced low . Do not let its small size deceive you . Questopiccolo loudspeaker has a big load of energy. Designed with the latest technology , MD -12 èstato designed with an integrated actuator , creating a great bass effect when set quasiqualsiasi surface. The improved battery life for a more enjoyable listening . With NFC included , bastatoccare your NFC -enabled phone to the speaker and you''re set . Or use Bluetooth and listen to streaming your tunes wirelessly and dance the night with 15 hours of music playback guaranteed.\r\n', 'Inside/outside speaker in plastic, up to 15 hours of playback', 'NFC included, Wireless front and lateral speakers', NULL, NULL, NULL, NULL, NULL, NULL, NULL, NULL, NULL, NULL, 0, 4),
(31, 'Beats Solo2 On-Ear', 'beatssolo2.jpg', 200, 'Audio enhanced with the new Beats sound quality , the sound of Solo2 headphones is sharper and cleaner and emits a wider range of emotions . The Solo2 headphones offer a large range of high frequencies and deep bass for un''esperienza balanced listening to all kinds of music.\r\n\r\nFit and style : comfort, durability and style. curved pavilions of 15 degrees for hours of comfort ; the rotational flexibility allows to flex pavilions for an even more customizable fit', 'RemoteTalk™ cable', NULL, NULL, NULL, NULL, NULL, NULL, NULL, NULL, NULL, '156 mm (width)\r\n\r\n', '205 gr.', 0, 4),
(32, 'Videocamera D-Link', 'dlinkfissa.jpg', 80, 'The fixed videocamera Cloud Wireless N of D-Link (DCS-942L) is a versatile monitoring solution for your home or small office 24 hours a day ; equipped with infrared LEDs it allows to see even in the absence of light.\r\n\r\nIt connects to the Wi - Fi network dell''utente and transmits high quality video images for monitoring home and office even in total darkness.\r\n\r\n\r\nNo subscription or subscribe to a calling plan\r\nFree service FOREVER\r\nViewing from smartphone or tablet images taken by the cameras\rInstant push notifications on the App if the camera detects an intrusion\r\nIts endowed with a 16GB MicroSD card slot and a MicroSD card included for on-board storage of records.', 'Technology Wireless N with PIR sensor', 'Technology Wireless N - Button Wireless security with Wi-Fi Pro', NULL, 'LED Infrared for night vision up to 8m', NULL, 'Slot for MicroSD (not included) for storage of registrations', NULL, NULL, NULL, 'Registration of videos and pictures in VGA (480p) definitions', NULL, NULL, 1, 4),
(33, 'Galaxy Gear S', 'galaxygear.jpg', 350, 'Watch Multifunction Intelligent\r\nDisplay 2” curved SuperAMOLED\r\nProcessor DualCore 1GHz\r\nCertification IP67', 'Watch Multifunction Intelligent which works at frequencies 2G: 9', 'HSDPA 21Mbps/UMTS/EDGE/GPRS - Wi-Fi - Bluetooth - **Micro USB', NULL, NULL, NULL, '4GB*', NULL, 'Nano', NULL, NULL, '39,9 x 58,1 x 12,5 mm', '84 gr.', 0, 4),
(34, 'Gear Fit', 'gearfit.jpg', 80, 'The innovative curved screen from 1.84  Super AMOLED touch screen and interchangeable straps Samsung Gear Fit make you cool and fashionable even when you''re training . It also offers a variety of colors , backgrounds and types of watch that you can choose according to your preferences . So you can customize your look every day!\r\n\r\nWith Samsung Gear Fit immediately receive Email , SMS notifications , incoming calls and apps so you do not lose a notification to always be in touch with your world . Whats more , make it Your Personal Trainer daily! In fact, thanks to the heart rate sensor, in training mode, this device supports you in real time and gives you tips that you need during the  physical activity to achieve your goals.', 'Accelerometer - Gyroscope - Cardiac sensor', 'Bluetooth 4.0 - Micro USB', NULL, 'Curved Touch of 1.84” (risolution 128x432) at 16M of colors', NULL, NULL, NULL, NULL, NULL, NULL, '23,4 x 57,4 x 11,95 mm', '27 grams', 0, 4),
(35, 'Bilancia - iHealth', 'bilancia.png', 120, 'iHEALTH has developed a line of innovative products , for the management of personal health on a smartphone or tablet . The iHealth Wireless products with bluetooth connection for iPad , iPhone , iPod and Android make it easy to measure , store and instantly share the results with your family or your doctor . The iHealth MyVitals powerful application allows you to manage all the data related to their own health with charts , statistics and trends . This application is unique in its kind , traces the relationship between various parameters such as blood pressure , weight , caloric intake and physical activity . Compatible with all Apple and Android platforms . It includes a free iHealth Cloud.', 'High quality digital scales\r\nCompatible with devices', 'Bluetooth V3.0 + EDR Class 2 SPP', NULL, NULL, NULL, NULL, NULL, NULL, NULL, NULL, '380 x 310 x 35 mm', '1.5 kg (se', 0, 4),
(36, 'Sony Smart Band', 'smartband.jpg', 50, 'Sensors\r\nEasy Pairing NFC, Accelerometer e Gyroscope\r\n\r\nCompatibility\r\nDevices Android 4.4\r\n\r\nServices and applications\r\nLifeblog, your multimedial personal diary\r\n\r\nConnectivity\r\nBluetooth 4.0 Low Energy\r\n\r\nDimensions bracelet\r\n250 mm\r\n\r\nDimensions module\r\n40,7 x 15,3 x 7,8 mm\r\n\r\nWeight\r\n27 gr.\r\n\r\nBattery\r\n35mAh\r\n', 'Easy Pairing NFC, Accelerometer and Gyroscope and Lifeblog', 'Bluetooth 4.0 Low Energy', NULL, NULL, NULL, NULL, NULL, NULL, NULL, NULL, 'bracelet: 250 mm \r\nm', '27 gr.', 1, 4),
(37, 'Philips Friends', 'philips.png', 180, 'Colour your world with light, they are bright colors of the day or the golden hues dell''autunno , the starter kit Philips Friends of hue Bloom White allows you to create the lighting you want via smartphones or other devices.\r\n', NULL, 'wireless, Connection ZigBee Light', NULL, NULL, NULL, NULL, NULL, NULL, NULL, NULL, '21,8x 22,8x 21,9 cm', '0,840 Kg', 0, 4);

-- --------------------------------------------------------

--
-- Struttura della tabella `productscategories`
--

CREATE TABLE `productscategories` (
  `idCategory` int(11) NOT NULL,
  `nameCategory` varchar(30) COLLATE utf8_bin NOT NULL
) ENGINE=InnoDB DEFAULT CHARSET=utf8 COLLATE=utf8_bin;

--
-- Dump dei dati per la tabella `productscategories`
--

INSERT INTO `productscategories` (`idCategory`, `nameCategory`) VALUES
(1, 'Smartphones & MobilePhones'),
(2, 'Tablets & Computers'),
(3, 'Modem and Networking'),
(4, 'Tv and Smart Living'),
(5, 'Promotions');

-- --------------------------------------------------------

--
-- Struttura della tabella `productsmartlife`
--

CREATE TABLE `productsmartlife` (
  `idProduct` int(11) NOT NULL,
  `idSmartlife` int(11) NOT NULL
) ENGINE=InnoDB DEFAULT CHARSET=utf8 COLLATE=utf8_bin;

--
-- Dump dei dati per la tabella `productsmartlife`
--

INSERT INTO `productsmartlife` (`idProduct`, `idSmartlife`) VALUES
(1, 1),
(3, 1),
(7, 1),
(17, 1),
(18, 1),
(21, 1),
(37, 1),
(1, 2),
(2, 2),
(7, 2),
(15, 2),
(16, 2),
(17, 2),
(24, 2),
(25, 2),
(28, 2),
(30, 2),
(37, 2),
(2, 3),
(8, 3),
(9, 3),
(11, 3),
(13, 3),
(19, 3),
(20, 3),
(22, 3),
(30, 3),
(32, 3),
(35, 3),
(36, 3),
(3, 4),
(21, 4),
(26, 4),
(27, 4),
(29, 4),
(9, 5),
(11, 5),
(14, 5),
(22, 5),
(23, 5),
(29, 5),
(33, 5),
(15, 6),
(23, 6),
(32, 6),
(36, 6),
(4, 7),
(19, 7),
(20, 7),
(26, 7),
(34, 7),
(35, 7),
(4, 8),
(25, 8),
(31, 8),
(5, 9),
(13, 9),
(18, 9),
(5, 10),
(8, 10),
(31, 10),
(6, 11),
(10, 11),
(16, 11),
(27, 11),
(28, 11),
(33, 11),
(34, 11),
(6, 12),
(10, 12),
(14, 12),
(24, 12);

-- --------------------------------------------------------

--
-- Struttura della tabella `smartlife`
--

CREATE TABLE `smartlife` (
  `idSmartlife` int(11) NOT NULL,
  `nameSmartlife` varchar(30) COLLATE utf8_bin NOT NULL,
  `descriptionSmartlife` mediumtext COLLATE utf8_bin NOT NULL,
  `photoSmartlife` varchar(30) COLLATE utf8_bin NOT NULL,
  `descriptionLongSmartlife` longtext COLLATE utf8_bin NOT NULL,
  `activationSmartlife` longtext COLLATE utf8_bin NOT NULL,
  `questionsSmartlife` longtext COLLATE utf8_bin NOT NULL,
  `answersSmartlife` longtext COLLATE utf8_bin NOT NULL,
  `promotionsSmartlife` tinyint(1) NOT NULL DEFAULT '0',
  `idCategory` int(11) NOT NULL
) ENGINE=InnoDB DEFAULT CHARSET=utf8 COLLATE=utf8_bin;

--
-- Dump dei dati per la tabella `smartlife`
--

INSERT INTO `smartlife` (`idSmartlife`, `nameSmartlife`, `descriptionSmartlife`, `photoSmartlife`, `descriptionLongSmartlife`, `activationSmartlife`, `questionsSmartlife`, `answersSmartlife`, `promotionsSmartlife`, `idCategory`) VALUES
(1, 'TIMVision', 'Cartoons, cinema, TV series, documentaries and concerts always on demand to create your own schedule without advertising . More than 8,000 titles on a subscription , with no time constraints , even in HD\r\n', 'tim-vision.png', 'No times to be respected and no spots that disturb the movie : this sums it TIMvision, TV on demand of the Telecom Italian Group.\r\nBut how the service works?\r\nHow much it costs and how to activate it?\r\nWhat devices are supported? Lets find together!\r\n\r\nTIM Vision its a TV on demand, so a television (with the most varied programs, from entertainment to scientific programs, from movies to television series) that lets you watch the programs you want when you want, without commercial interruptions. That is, in a nutshell you will not have fixed times but you scegliee you day and time.\r\n\r\nUnlike traditional pay TV, you can watch TIM Vision must be able to use an internet connection (so no antennas and parables) and an enabled device (see below).', 'To enjoy the TIM Vision service, you must subscribe : you can do it directly from the site, going in the Offer section, or if you have a Smart TV compatible from TIMvision widget, in the section TIM Vision TV.\r\nFor payment, you can choose to charge your account Telecom Italy (if you are a residential customer with ADSL / FIBER Telecom Italy), credit card Visa, Mastercard or American Express.\r\nTo perfect the purchase process (both subscription and the individual title on Videostore) you must set a PIN.\r\nThe contract you have entered into with TIM means indefinitely (thus , will also apply after the end of any promotional period ).\r\nFor cancellation, you must send a written letter (with a copy of your identity card) at this account in Telecom Italy , or fax (to know the number, contact 187) .\r\nOnly for Telecom customers, you can call the 119.', 'Q: How much costs Tim Vision? :Q Q: With what devices can i see the contents? :Q', 'A: We must distinguish between customers of TIM - Telecom Italy and customers of other operators group:\r\n\r\nTIM or Telecom Italia customers: subscription Timvision TV is promoting a 5 € per month, plus the Telecom Italian customers will have the free decoder;\r\n\r\nCustomers of other fixed-line operators : if you activate online the cost will be free for the first month and € 5 for the following months;\r\n\r\nCustomers of other mobile network operators : Service Unavailable. :A A: Timvision can be seen on many devices and more precisely:\r\n\r\nWith Smartphone e Tablet through Timvision App, non-customers TIM can use this option only with connection to a wi-fi network;\r\n\r\nWeb by connecting to the official website www.timvision.it\r\n\r\nBy TIM Vision decoder to be connected to the fixed network and the TV;\r\n\r\nWith a smart new generation TV, enabled the vision of TimVision;\r\n\r\nWith Google Chromecast , a device that allows you to turn a TV into smart TV controlled by mobile phone or PC (see the guide).\r\n\r\nThe TIMVision decoder , on loan to use , allows you to see beyond the TIMvision programming , even that of Netflix and premium online course if you subscribe to these services. :A', 0, 1),
(2, 'TIMSky', 'Only our fiber and the faster they will bring ADSL SKY, no parable . TIM SKY, the first offer that gives you calls, unlimited internet and brings you home the spectacle of SKY, without a parable\n', 'tim-sky.png', 'For you the big show and innovation of Sky from only 14 € / month more for the first 18 months.\nSe aderisci a TIM Sky entro il 3 luglio 2016 puoi avere:\n\n My Sky per vedere la TV come e quando vuoi e Sky On Demand, una videoteca con migliaia di titoli sempre a tua disposizione.\n\n Sky TV con 38 canali di intrattenimento esclusivo a soli 14 €/mese per i primi 18 mesi, oppure Sky TV + un pacchetto a scelta tra Sky Cinema, Sky Sport o Sky Calcio a 26,90 €/mese per i primi 18 mesi. Puoi aggiungere all''offerta anche Sky Famiglia + Sky HD a 5€/mese per i primi 18 mesi anzichè 11€.\n\n Sky Box Sets è la novità di Sky che ti offre le migliori serie TV, stagione dopo stagione, tutte su My Sky.\n\nIn più puoi avere Sky Link per collegare My Sky in Wi-Fi a 30 €.\n\nSe sei cliente ADSL, avrai inclusi nell’offerta:\n\nSuperinternet Plus, per navigare fino a 20 Mega\nSMART MODEM', 'All prices include VAT\n\nBefore you accept the offer , verify the coverage in the area of your interest or for more information , go to a TIM Store, call 187 or visit this site .\n\nThe activation of the offer " TIM Sky " presupposes the signing of two separate contracts , one with TIM and one with Sky Italy , each governed by their respective General Terms and Conditions .\n\nYou can request the activation :\n\n \n> At a TIM store\n \n> Calling 187', 'Q: Who is the promotion TIM Sky?:Q Q: I am already a customer of TIM Fiber / ADSL, I can accept the offer TIM Sky?:Q \n', 'A: The promotion is open to all who want to take out a Sky subscription, and choose the TIM Fiber or ADSL to enjoy the servizio.:A A: Yes, you can accept the offer TIM Sky. In particular, if you are already a customer ADSL TIM, to ensure an excellent experienceof Sky content viewing you depending on Superinternet Plus coverage up to 20Mb or Superinternet up to 10Mb and SMART MODEM included in the offer.:A\n', 1, 1),
(3, 'Netflix', 'TV series and movies from € 7.99 / month , where you want and when you want, even the decoder TIMvision', 'netflix.png', 'Discover new stories .\r\n\r\noriginal series , comedies , dramas and children''s programs , you can watch your favorite TV series and movies instantly streamed to any device you choose . The offer TV we expected some time for the wide variety of content , to see when and where you want with quality of Network TIM and without constraints , available directly on the home TV through the decoder TIMvision with HD quality.', 'With TIMvision\r\nenjoy the show\r\nNetflix also\r\non home TV\r\n\r\nBy TIM access Netflix world in an easy and immediate with TIMvision decoder . For TIM customers need no credit card to Netflix . You pay the invoice conveniently TIM and keep costs under control . You can watch Netflix at any time , without commercial interruptions . An easy and fast with three packages to choose from subscription .\r\n\r\nTest your month FREE .', 'Q: Why subscribe to Netflix? :Q Q: How much it cost to subscribe to Netflix? :Q', 'A: You have the ability to stream thousands of TV shows and movies, whenever you want and wherever you want, on your TV through your TIMvision decoder, Smart TV, PS3, PS4, Wii, Xbox, PC, Mac, smartphone, tablet.\r\n\r\nBy subscribing to the service from NETFLIX TIMvision decoder connected to your home ADSL / fiber you have the option to charge the cost of Netflix directly to your landline bill TIM. With Netflix, there are no commercials, you can pause, rewind and continue watching whenever you want, without any limits. There are no commitments, you can terminate your subscription to Netflix at any momento.:A A: You can choose from three different membership types that differ in the number of devices to simultaneously access and the quality of the video. The first month is always free. If you are client TIM subscribing to the service from NETFLIX TIMvision decoder connected to the line ADSL / fiber to the home, you will have the opportunity to charge the cost of the subscription on your fixed line bill TIM.:A', 1, 1),
(4, 'TIM Premium', 'Football , Movies, TV and Infinity Series for TIM customers to 19 € / month throughout 2016 to see when and where you want', 'tim-premium.png', 'All Premium\r\n\r\n18 channel in live streaming and a catalog with more than 8000 on-demand titles, including the contents of Infinity, in HD, dual audio and subtitles. Hundreds of films and TV series premiere and exclusive. All the UEFA Champions League (2015-2018) exclusively, the Serie A teams of the premium, the foreign championships, the FIA World Rally Championship 2016, the best of Mediaset entertainment and much more!', 'You can activate the service by an operator or at a store.\r\nFor this month only € 19.90\r\n\r\nOr separate packages only € 9.90, among our proposals:\r\n\r\n-Package CINEMA + FOOTBALL: with Cinema Package you have more than 2,500 films every year, from large previews to the masterpieces of all time, the first TV exclusively, the richest catalog of Infinity and 5 channels streamed live, to enjoy great cinema where and whenever you want. Also, included in the package 2 games of your choice of Serie A TIM teams of premium per month.\r\n\r\n-Package FILM + TV SERIES: 9 channels in live streaming, more than 2,500 movies and 2,000 episodes of TV series, with all the first TV in the exclusive Premium, the great Italian and international cinema, the "boxes", to enjoy the seasons full of the best TV series and the rich catalog of Infinity. All in HD, the original language with subtitles. In addition many incidents of Cartoons, the most beautiful and the best of Fiction Mediaset entertainment.', 'Q: What is TIM Premium Online?:Q Q:How can I subscribe to TIM Premium Online?:Q\r\nQ: When can request activation of TIM Premium Online?:Q', 'A: TIM Premium Online is dedicated to customers who join the TIM offer premium online service, the subscription service with which you can view 18 channels in live streaming and a catalog with more than 8000 * on-demand titles, including the content of Infinity, even in HD, dual audio and subtitles.\r\n\r\nAllows the use of two separate services (the broadband connectivity of fixed network service "TIM", ADSL or fiber, and the service "Online Premium") provided, respectively, by Telecom Italy S.p.A. and Mediaset Premium S.p.A. under the respective General Terms and Conditions and following signature by the parties concerned, two separate agreements (the "TIM" contract and the "Premium Online" contract).\r\n\r\n* The contents vary by sottoscritto.:A Package A: To subscribe to the offer dedicated to customers of TIM Premium Online contact Customer Service TIM 187 or go at a TIM store. You can choose between two packages: All Premium and Cinema.:A A: If you are a customer fiber can always request the activation of TIM Premium Online, if you are a customer ADSL offer may be requested after a technical check on the speed of your line.\r\nIf you are a customer ADSL and have not already activated the new offer TIM SMART HOME / MOBILE, by cleaving to TIM Premium Online your line will be updated to the best possible speed by activating the FREE Superinternet option of up to 10 Mbps or up Superinternet Plus to 20Mbps, depending on technical availability of ADSL servizio.Se you are a customer and you''ve already activated the new offer TIM SMART HOME / MOBILE, you should verify that the line has a rated speed of at least 10 Mbps. If it is not, it will not be You can activate TIM Premium Online.:A', 1, 1),
(5, 'Chromecast', 'With Chromecast , the device that connects smartphones and tablets to TV, you TIMvision included for three months', 'chromecast.png', 'Pack TIMvision to 39 €\r\nWith Chromecast, the device which\r\nconnect smartphones and tablets to TV,\r\nyou have TIMvision included for three months.\r\nAfter the first 3 months , the service continues at a cost of € 5 per month.\r\n\r\nWith TIMvision can create your own schedule without commercial breaks with more than 8,000 titles available.\r\nA single monthly subscription and the program starts whenever you want on your home TV.', 'To activate the offer:\r\n\r\nYou can buy directly online or at the Shops TIM Pack TIMvision & Chromecasts including Chromecasts and Promotion 3 months TIMvision subscription.\r\n\r\nHow to Install the Chromecast:\r\n\r\nConnect the power supply Chromecasts key supplied and to an HDMI input on the TV\r\nDownload the Chromecast App on your smartphone or tablet for setup\r\nTIMvision access and register the App with your username and password\r\nactivate the Wi-Fi on your smartphone or tablet\r\nclick on the icon and select the Chromecast App TIMvision.', 'Q: What is Chromecast?:Q Q: How can i see TIMvision with Chromecast?:Q', 'A: It '' a device that lets you watch TIMvision , your videos , photos and more on your TV even if it is not a Smart TV or do not have the TIMvision decoder , using your tablet / smartphone . : AA : After the installation, download on your smartphone / tablet App TIMvision , recorded on TIM mobile network and log in with the username and password. To see the TIMvision content on TV, click the icon in the App Chromecasts TIMvision at the top right and choose the content you want to see . In this way, the playback will be directly on your TV.:A', 0, 1),
(6, 'TIMmusic', 'Step into a world of music with the app TIMmusic. Millions of songs streaming, all the latest releases and many playlists to listen anywhere, anytime, without consuming GB!', 'tim-music.jpg', 'THE SOUNDTRACK OF YOUR LIFE\r\n\r\nStep into a world of music with the app TIMmusic. Millions of songs streaming, all the latest releases and many playlists to listen anywhere, anytime, without consuming GB!', 'Activate TIM music is easy as you can do it directly online, then just download the app and enjoy your music.', 'Q: Tim Music is compatible with every device?:Q', 'A: Yes, no need to worry. Tim music covers a wide range of device if not entirely:A', 0, 1),
(7, 'TIMReading', 'Always carry on Smartphone and Tablet your favorite eBook, follow all your passions choosing among the most beloved magazine and look in your newspaper from the early hours of the morning . On TIMreading you find what you love to read , anywhere, anytime\r\n', 'tim-reading.jpg', 'Always carry on Smartphone and Tablet your favorite eBook, follow all your passions choosing among the most beloved magazine and look in your newspaper from the early hours of the morning. On TIMreading you find what you love to read, anywhere, anytime.\r\n\r\nTim Reading newspapers of any kind, magazines and a wide variety of ebook, so you will never miss something to read.\r\n', 'On TIMreading can buy eBooks , newspapers and magazines in this way:\r\n\r\n-all content (books , newspapers and Magazine) can be purchased from PC and Tablet www.timreading.it accessing the site and browsing in the catalog\r\n-the books can also be purchased by Smartphone through m.timreading.it mobile version. In this case, to complete the purchase, the payment instrument on your profile you must have previously configured\r\n-the eBook and Magazine can also be purchased via the App TIMreading for Smartphone and Tablet Android, in the section SHOP (App for Smartphone allows the purchase of only eBook). In this case, to complete the purchase, the payment instrument on your profile you must have previously configured.', 'Q: Can i purchase more than one subscription to a newspaper?:Q Q: I bought a weekly ticket, i can go monthly subscription? :Q', 'A: Yes , you can purchase more than one subscription if you choose different newspapers , while in the same newspaper you can activate the weekly pass or alternatively what mensile.:AA : Yes , you can, but you must first disable the weekly ticket and then activate the monthly subscription . Same thing if you want to switch from a monthly to a weekly for the same testata.:A', 0, 1),
(8, 'TIMGames', 'Shooter, extreme sports, the best Classics and much more ... With TIMgames all you have hundreds of games for tuosmartphone and tablets, to have fun anywhere, anytime', 'tim-games.jpg', 'Shooter , extreme sports , the best Classics and much more ... With TIMgames all you have hundreds of games for tuosmartphone and tablets, to have fun anywhere, anytime\r\n\r\nCONTENTS\r\n\r\nArcade\r\n \r\nSport\r\n \r\nEngines\r\n \r\nCards\r\n', 'With I Love Games Promo you can download all the games you want from the app TIMgames, or by accessing the website www.timgames.it\r\n\r\nFor the first month subscription service will be at half price, the cost of 1 € per week, then switches automatically to 2 € per week.\r\nIn addition, data traffic to download games is included in your subscription!\r\n\r\n\r\nActive right away I Love Games Promo\r\n\r\n> Onlinecliccando directly on the ACTIVE button\r\n\r\n> Calling the freephone number 40916 (for rechargeable customers) and follow the voice guidance\r\n\r\n> Sending a free SMS to the number 40916 with the text ILOVEGAMESPROMO ON\r\n\r\n> Free of charge by calling Customer Service 119\r\nShops at TIM', 'Q: Which customers can activate I LOVE GAMES PROMO?:Q Q: Where can i download games of I Love Games Promo?:Q ', 'A: All customers with an active offer TIM TIM Mobile with data included. To use the service you must have a compatible phone. Excludes Apple devices and Windows Phone:A A: To download the games included in the offer, you can go with your smartphone on TIMgames.it mobile version of the section dedicated to I Love Games Promo:A', 1, 1),
(9, 'Serie A Tim', 'Live the best of the Serie A TIM and the best moments of the 2015/2016 Championship with all the news, videos -goal, the summaries on your Smartphone or Tablet and without consuming GB. The only official app of the Serie A TIM. Download the app and experience the magic of football!\r\n', 'tim-seriea.jpg', 'Live the best of the Serie A TIM and the best moments of the 2015/2016 Championship with all the news, videos-goal, the summaries on your Smartphone or Tablet and without consuming GB. The only official app of the Serie A TIM. Download the app and experience the magic of football!\r\n\r\nIN APP Serie A TIM you find the latest news about the world of football, even when you''re on the go, with news on the Italian Championship, but also on all other competitions. In addition, you can participate in social life due to direct access to the Fan Page on Facebook Serie A TIM and Serie A TIM on Twitter.\r\n\r\nDownload the App Serie A TIM and you''ll have the best of football on your smartphone or tablet.\r\nAnd if you''re not the customer TIM GB consumption! Before you subscribe you can try free exclusive content and stay updated with news and statistics available to all.\r\n\r\nYou can take advantage of the Annual Pack and you''ll have the chance to follow the whole end of the 2015-16 championship, the transfer market and news from the withdrawals, and all of the Serie A TIM 2016-17 until 06.30.2017 only 9, € 99.\r\n\r\nThe cost to activate PACK ANNUAL SERIE A TIM is € 9.99; and includes all premium content App Serie A TIM until 06.30.2017 where all the days of Championship are included.\r\n\r\nYou can choose the Monthly subscription € 2.49 and for 30 days you can enjoy all the exclusive content of the App, not getting lost a beat in Serie A.', 'You can activate the offer :\r\n\r\nat TIM Shops\r\nActivation of entertainment services\r\n\r\nTo enable the 3 months of TIMvision, TIMmusic, TIMgames, Serie A TIM, TIMreading with Elle magazine included in your TIM Special, you will need to access from your smartphone with 3G or 4G, the vai.tim.it page \\ play and choose including movies, music, magazines, games and football .', 'Q: What is Season Pack Serie A TIM?:Q Q: What is included in your subscription Serie A TIM?:Q ', 'A: The Season Pack Serie A just € 9.99 allows you to access all the exclusive content APP Serie A TIM until 06/30/2017 , and then follow the entire Championship 2016-17 : AA : Subscriber If you do not lose even a minute of the game , thanks to real-time chronicle of all the video games of the Championship and the availability of all the goals and highlights a few minutes after the accident. Also, take full advantage of the highlights of the races at any time and all the exclusive video content , such as Goal Collection and " Top " played for each giornata.:A\r\n', 0, 1),
(10, 'TIMTag', 'TIMTag, is the device that tells you about your friend''s position on all fours and the things you care about most.\r\nReal-time follow his movements on your smartphone without ever losing sight.', 'tim-tag.png', 'TIMTag is the device that tells you about your friend ''s position on all fours and the things you care about most.\r\nReal-time follow his movements on your smartphone without ever losing sight.\r\n\r\nWith TIMTag you have a state of the art GPS tracking device, with 12 months TIMTag and TIM Card service included and an App dedicated, intuitive and easy to use!', 'THREE EASY STEPS AND YOU CAN TRACK EVERYTHING YOU LOVE\r\n\r\n1-Buy the Pack TIMTag\r\n\r\nBuy now online and receive direct to your door the pack or go to one of TIM stores .\r\n\r\n2-Enable TIM Card\r\n\r\nRecord TIM Card, which you can find in the pack on a TIM store (the TIMTag offer will be activated automatically after registration).\r\n\r\n3-TIMTag Download the APP on your Smartphone\r\n\r\nInstall the app on your smartphone and associates the tracking device (Android and iOS).', 'Q: What are the charachteristics of TIMTag?:Q Q: Who can choose TIMTag?:Q ', 'A: It is an offer that TIM offers a GPS Tracker with included 12 months TIMTag service. The TIMTag option promo, includes traffic data that is SMSs from the GPS Tracker to the service platform (max 50MB and 100SMS every 30 days) and use the App TIMTag. The Bundle data and SMS provided is calibrated to meet the needs of continuous use of the device .\r\nThe cost of GPS Tracker, TIM Card and the service for the first 12 months is only 129 €! The package contains:\r\n\r\nGPS tracker\r\n12 months " pre-activated " service included on TIMcard\r\n1 TIM Card:A A:The offer is valid for rechargeable customers, residents in Italian territory and that they are entitled for purposes unrelated to their entrepreneurial activities or any professionale.:A', 0, 3),
(11, 'TIM Home Connect', 'The ideal solution to manage all home automation systems in your home, from simple domestic boiler, to the home protection systems, with the most advanced monitoring systems.', 'tim-home.png', 'TIM Home Connect the offer is meant to be used in home automation devices in the home, the management of which involves the use of a SIM\r\n\r\nConnect with Tim Home for you have available minutes, SMS and MB to be used to connect and manage your burglar alarm, your boiler or other home automation systems.\r\n\r\nThe offer includes every 30 days:\r\n\r\n20-minute calls\r\n100 MB of Internet traffic\r\n100 SMS to all\r\n \r\nChoose the ideal solution for you\r\n\r\nTIM Home Connect 24\r\n24 months without worries! Starting from the 25th month, the offer will continue to be accessible at a cost of € 3 per month.\r\n\r\n€ 36\r\n\r\n \r\n\r\n \r\n\r\nTIM Home Connect 12\r\n12 months without thoughts ! Starting from the 13th month the offer will continue to be accessible at a cost of € 3 per month.\r\n\r\n€ 24\r\n\r\n \r\n\r\n \r\n\r\nTIM Home Connect Light\r\nThe offer that is renewed every month!\r\n\r\n€ 3 /month\r\n\r\n€ 5 Activation', '> If you are already in possession of a TIM Card directly online by clicking the ON button\r\n\r\n> At the Shops TIM\r\n\r\n\r\nN.B: All prices include VAT.\r\nThe offer is valid for rechargeable customers.\r\nThe ability to use the mobile services included in the offer depends on the technical characteristics of the home automation device which is associated with the TIM Car .', '', '', 0, 3),
(12, 'D-Link SmartHome', 'D-Link Smarthome Starter Kit offers you a chance to set up, control, monitor and automate your home wherever you are.', 'smart-home.jpg', 'With the Smart Home HD Starter Kit will be able to set up, control, monitor and automate your home wherever you are.\r\nThe kit includes:\r\n\r\nAn HD Monitor (DCS - 935L)\r\nA Wi - Fi Motion Sensor (DCH - S150)\r\nA smart plug (DSP - W215)\r\nVia the mydlink Home app for smartphones and tablets all you have control of all the devices in order to simplify the management of the house, making it safer and smarter.\r\n\r\nEasy configuration and management of your devices\r\n\r\nSimply download the app mydlink Home and the configuration wizard will help you make the best use all of the devices in easily and intuitively kit.\r\nWith the app you have to create the rules for on and off your appliances when and wherever you want.', 'Buy now our product and begin immediately.\r\n\r\nConfiguration is easy!\r\n\r\nSimply download the app mydlink Home and the configuration wizard will help you to operate all devices in the kit ', 'Q: Where can i buy this product?:Q ', 'A: In any store near you or online:A', 0, 3),
(13, 'Well App', 'A free app developed like a personal diary, to arrange at all times of all the information on medical preventive controls and periodically for themselves and for the whole family.', 'wellapp.png', 'Well app is completely free app that keeps track of your fitness workouts and records them directly to your smartphone.\r\n\r\nThis application can be used to synchronize many fitness products in the store.', 'To activate the service just download the app from your app store and online in a click it will all be easy and quick.', 'Q: How to synchronize your smartphone with a fitness bracelet?:Q', 'A: Very simple, go to the options menu and select your app syncs dispositivo. At this point activate the wifi of device and synchronization occurred.:A', 0, 2),
(14, 'Payments', 'By TIM Wallet you can use your smartphone to pay for all authorized shops.', 'pagamenti.png', 'TIM is WALLET:\r\n\r\n-SURE\r\n\r\nThe details of your credit card or debit card are stored confidentially and protected on TIMcard\r\n\r\nSimple and FAST\r\n\r\nJust a touch to select the card with which to make your purchases\r\n\r\n-COMFORTABLE\r\n\r\nLeave your wallet at home and use the smartphone to have on hand your cards.\r\n\r\n\r\nThe cards associated with the service are:\r\n\r\nINTESA SANPAOLO\r\nMEDIOLANUM\r\nBNL\r\nBANK HELLO!\r\nWHAT DO YOU NEED', 'To activate the service:\r\n\r\n1-Pick up TIMcard NFC:\r\n\r\nFor full use of all the services offered by TIM Wallet we suggest using a TIM Card NFC. Request the paper change in a TIM Store, or become a customer by buying a new TIM! Remember, the payments service is only available for TIM Card NFC.\r\n\r\n2-SMARTPHONE NFC\r\n\r\nDiscover all smartphones that are enabled for payment services. Check the list of compatible terminals, certified to ensure the safety requirements of banks and payment networks.\r\n\r\n3-TIM Wallet Active\r\n\r\nRemember to download the app TIM Wallet and activate it by going at least once a service.', 'Q: What are smartphones compatible with NFC services?:Q Q: What does NFC means?:Q', 'A: TIM Wallet is compatible with all SIM BASED NFC smartphones, terminals that can read the information stored on the SIM with the security required by banks and payment networks. The list of NFC smartphones, tested and released, is constantly changing. Enabling other phones require appropriate security checks not only by TIM but also from our partners. See the updated list of professional terminals.: A A: NFC (Near Field Communication) is a technology that provides short-range wireless connectivity. The NFC allows the "interview" safely between your phone and a POS enabled during a contactless payment transaction or those transactions that occur simply approaching the payment instrument (a card or, as in our case, a phone) to the POS, without the need for insertion inside the player. NFC technology provides encrypted transactions according to the security requirements of banks and payment networks. The details of your credit card details are securely stored on your SIM. This particular method of payment is usually defined Mobile Proximity Payment.:A', 0, 4),
(15, 'Fidelity Card', 'Save the TIM Wallet your loyalty cards to have them always with you.', 'fidelitycard.png', 'By TIM Wallet you can virtualize your loyalty cards and always carry them with you.\r\nLogin to Showcase Services and in a few steps you can capture all your loyalty cards.\r\nFrames the paper in the box and wait to be recognized.\r\nThe card recognition is automatic, but if the card is not recognized between these cards you can still add it by using the camera of your smartphone: select the type of the code on the card (bar code, QRCode or numeric code) and frame it. If the code is not automatically recognized, it can be entered manually.\r\nIn short you can see the card in your wallet.\r\nYou can show it in the stores enabled right from your smartphone: if you click on the image automatically rotates the card and shows the bar code (note: not all stores have the barcode reader enabled!)', '3 simple steps :\r\n\r\n-FRAME THE CARD\r\n\r\nUse the camera to add a card\r\n\r\n-AUTOMATIC RECOGNITION\r\n\r\nThe card is recognized automatically and you can find in your TIM Wallet\r\n\r\n-USE CARDS\r\n\r\nOpen the wallet and shows loyalty cards in stores', 'Q: How can I add a loyalty card?:Q Q: Which card code should I enter?:Q', 'A: Login to Showcase Services and frames the paper in the box. The card recognition is automatic in most cases. If the card is not recognized among those present you can add it using the camera of your smartphone.\r\nFollow the instructions that come proposals and select the type of code on the card. Picture of the code for automatic recognition. The code can also be inserted in mano.:A A: Login to Showcase Services and frames the paper in the box . The card recognition is automatic in most cases. If the card is not recognized among those present you can add it using the camera of your smartphone.\r\nFollow the instructions that come proposals and select the type of code on the card. Picture of the code for automatic recognition. The code can also be inserted in mano.:A', 0, 4),
(16, 'Coupon', 'Save on a wide range of products and services selected from HERE!', 'coupon.png', 'COUPON RECOMMENDED BY TIM\r\n\r\nSave on a wide range of products and services selected from HERE!', 'Find the link to the service "The recommended coupons from TIM" from TIM Wallet side menu. On this help page by selecting the "DISCOVER" button access to the site where you can choose from many special offers.\r\n\r\nYou can search for products from the best brands, dream trips and discounts exclusive places of your city by browsing the categories of offers.\r\n\r\nBy using the GPS of your smartphone you can always find the best offers around you.\r\n\r\nThe service is offered to customers by TIM HERE! Group through its sales network. Payment is made using the credit card system HERE! In case of need it is necessary to contact the service center of clients HERE! at the number 010/5389945 (option 3 ) .', 'Q: How to activate the service Coupon?:Q Q: I only find offers of my city?:Q Q: I have to register to the service Coupon?:Q', 'A: In the TIM Wallet side menu you can find the link to the service "The recommended Coupon TIM". On this help page by selecting the "DISCOVER" key takes you to the website where you can choose from many offers speciali.:A A: If you set the GPS on your smartphone, automatically we''ll show you the best offers around you, in your city.\r\nYou can search on other cities and categories of interest and navigate between offerte.:A A: To navigate through the deals you do not need to register to make purchases instead is required. The registration service is run by HERE ! Group , which provides service to customers TIM.:A', 0, 4),
(17, 'Transports', 'Buy transport tickets of your city, through the SMS ticketing service. Check now if the service is already available in your city!', 'trasporti.png', 'Buy an SMS ticket and pay it directly with your phone credit :\r\n\r\n-CHOOSE THE CITY\r\n\r\nShowcase enters the service and find out if the service is already active in your city\r\n\r\n-BUY THE TICKET\r\n\r\nSelect the type of ticket and buy it directly with your phone credit\r\n\r\n-SHOW THE TICKET\r\n\r\nAre now the ticket is valid in the transport section of your TIM Wallet', 'Open TIM Wallet and get access to Showcase Services.\r\nIf the city you''re interested in is enabled, click and buy the ticket.\r\nPay with your phone bill (if you are a customer Rechargeable) or by charge on the bill (if you are a customer with a subscription).\r\n\r\nWarning : you will be charged the cost of the ticket plus the cost of the SMS request (€ 19.90 cents including VAT).\r\n\r\nReceive a text message, the ticket is valid from that moment without the need for additional validation.\r\nYou can find the e-ticket directly to the TIM Wallet in your wallet , you can renew it when it expires. In the case of controls, displays the confirmation SMS you received.\r\n\r\nIn Milan you can also use the QRCode mode . After purchasing your metro ticket and received the SMS, also receive QRCode that allows you to open the turnstiles subway. It ''just view the QRCode and pull over your smartphone display the appropriate player.', 'Q: What''s on transport services showcase?:Q Q: What does it cost to buy a ticket?:Q ', 'A: In the transport services showcase you can buy a bus ticket and subway in many Italian cities and pay with your credit telefonico.:AA: Using TIM Wallet involves Internet traffic consumption, for which applies your plan. They will also be charged the cost of the SMS of the ticket request (€ 19.90 cents including VAT). The total cost will be deducted from your phone bill (if you are a customer Rechargeable) or by charge on the bill (if you are a customer with a subscription).:A', 0, 4);

-- --------------------------------------------------------

--
-- Struttura della tabella `smartlifecategories`
--

CREATE TABLE `smartlifecategories` (
  `idCategory` int(11) NOT NULL,
  `nameCategory` varchar(30) COLLATE utf8_bin NOT NULL
) ENGINE=InnoDB DEFAULT CHARSET=utf8 COLLATE=utf8_bin;

--
-- Dump dei dati per la tabella `smartlifecategories`
--

INSERT INTO `smartlifecategories` (`idCategory`, `nameCategory`) VALUES
(1, 'TV & Entertainment'),
(2, 'Health and well-being'),
(3, 'Home and family'),
(4, 'Services for people'),
(5, 'Promotions');

--
-- Indici per le tabelle scaricate
--

--
-- Indici per le tabelle `assistenza`
--
ALTER TABLE `assistance`
  ADD PRIMARY KEY (`idAssistance`);

--
-- Indici per le tabelle `categorieassistenza`
--
ALTER TABLE `categoriesAssistance`
  ADD PRIMARY KEY (`idCategory`);

--
-- Indici per le tabelle `productassistance`
--
ALTER TABLE `productassistance`
  ADD PRIMARY KEY (`idProduct`,`idAssistance`);

--
-- Indici per le tabelle `products`
--
ALTER TABLE `products`
  ADD PRIMARY KEY (`idProduct`);

--
-- Indici per le tabelle `productscategories`
--
ALTER TABLE `productscategories`
  ADD PRIMARY KEY (`idCategory`);

--
-- Indici per le tabelle `productsmartlife`
--
ALTER TABLE `productsmartlife`
  ADD PRIMARY KEY (`idSmartlife`,`idProduct`);

--
-- Indici per le tabelle `smartlife`
--
ALTER TABLE `smartlife`
  ADD PRIMARY KEY (`idSmartlife`);

--
-- Indici per le tabelle `smartlifecategories`
--
ALTER TABLE `smartlifecategories`
  ADD PRIMARY KEY (`idCategory`);

--
-- AUTO_INCREMENT per le tabelle scaricate
--

--
-- AUTO_INCREMENT per la tabella `assistenza`
--
ALTER TABLE `assistance`
  MODIFY `idAssistance` int(11) NOT NULL AUTO_INCREMENT, AUTO_INCREMENT=51;
--
-- AUTO_INCREMENT per la tabella `categorieassistenza`
--
ALTER TABLE `categoriesAssistance`
  MODIFY `idCategory` int(11) NOT NULL AUTO_INCREMENT, AUTO_INCREMENT=6;
/*!40101 SET CHARACTER_SET_CLIENT=@OLD_CHARACTER_SET_CLIENT */;
/*!40101 SET CHARACTER_SET_RESULTS=@OLD_CHARACTER_SET_RESULTS */;
/*!40101 SET COLLATION_CONNECTION=@OLD_COLLATION_CONNECTION */;
