-- phpMyAdmin SQL Dump
-- version 4.5.1
-- http://www.phpmyadmin.net
--
-- Host: 127.0.0.1
-- Creato il: Lug 10, 2016 alle 21:56
-- Versione del server: 10.1.13-MariaDB
-- Versione PHP: 7.0.8

SET SQL_MODE = "NO_AUTO_VALUE_ON_ZERO";
SET time_zone = "+00:00";


/*!40101 SET @OLD_CHARACTER_SET_CLIENT=@@CHARACTER_SET_CLIENT */;
/*!40101 SET @OLD_CHARACTER_SET_RESULTS=@@CHARACTER_SET_RESULTS */;
/*!40101 SET @OLD_COLLATION_CONNECTION=@@COLLATION_CONNECTION */;
/*!40101 SET NAMES utf8mb4 */;

--
-- Database: `timdb`
--

-- --------------------------------------------------------

--
-- Struttura della tabella `assistenza`
--

CREATE TABLE `assistenza` (
  `idassistenza` int(11) NOT NULL,
  `nomeassistenza` varchar(40) COLLATE utf8_bin NOT NULL,
  `descrizioneassistenza` longtext COLLATE utf8_bin NOT NULL,
  `domandeassistenza` longtext COLLATE utf8_bin NOT NULL,
  `risposteassistenza` longtext COLLATE utf8_bin NOT NULL,
  `idcategoria` int(11) NOT NULL,
  `highlightsboolean` smallint(1) NOT NULL DEFAULT '0'
) ENGINE=InnoDB DEFAULT CHARSET=utf8 COLLATE=utf8_bin;

--
-- Dump dei dati per la tabella `assistenza`
--

INSERT INTO `assistenza` (`idassistenza`, `nomeassistenza`, `descrizioneassistenza`, `domandeassistenza`, `risposteassistenza`, `idcategoria`, `highlightsboolean`) VALUES
(1, 'Attivazione linea di casa', 'Richiedere l’attivazione di una linea telefonica di casa è molto semplice, puoi: richiederla online, chiamare il Servizio Clienti linea fissa 187, o recarti presso un Negozio TIM.', 'Q: Quali documenti sono necessari?:Q Q: Quali sono le diverse tipologie di linea telefonica di casa?:Q', 'A: Dovrai fornire in visione i seguenti documenti:\r\ndocumento di identità del titolare linea codice fiscale del titolare linea.:A A: Linea telefonica principale, linea telefonica aggiuntiva, lisnea ISDN :A', 1, 1),
(2, 'Trasloco', 'Il trasloco è un operazione che ti consente di spostare la tua linea telefonica presso una nuova abitazione, nella stessa città o in una città diversa. Puoi gestirla direttamente online basta registrarsi all’Area Clienti.', 'Q: Cosa è il trasloco di una linea telefonica?:Q Q: Posso mantenere il mio numero telefonico?:Q', 'A: Il trasloco ti permette di trasferire la tua linea telefonica presso una nuova abitazione, nella stessa città o in una città diversa.:A A: Se la nuova abitazione si trova nello stesso distretto telefonico di quella di origine, salvo problemi tecnici, sarà possibile mantenere il vecchio numero telefonico. Fino al momento dell’attivazione della linea nella tua nuova abitazione potrai continuare ad utilizzare la linea telefonica nella tua vecchia abitazione.:A', 1, 0),
(3, 'Subentro', 'Il subentro ti permette di modificare l intestazione di una linea telefonica attiva nella stessa sede dove si trova l impianto garantendo così la continuità nell emissione delle fatture', 'Q: Subentro tra coniugi separati:Q Q: Riepilogo Costi:Q', 'A: Questa tipologia di subentro permette di variare gratuitamente l intestazione del contratto telefonico a favore del coniuge assegnatario della residenza a seguito di separazione, senza interruzione, nell utilizzo della linea telefonica.:A A: Per qualsiasi tipo di subentro, il nuovo intestatario deve corrispondere, a titolo di "Anticipo Conversazioni" un importo di 8 €.:A', 1, 0),
(4, 'Varizioni abbonamento', 'Se hai cessato la tua attività professionale, puoi richiedere la variazione del tuo contratto di abbonamento telefonico.\r\nPer richiedere la variazione chiama il Servizio Clienti 191.\r\n\r\nCon la richiesta della trasformazione del contratto dalla categoria Affari (“A”) alla categoria Residenziale (“B”) il costo del tuo abbonamento mensile passerà da:\r\n\r\n-22,50 € (IVA esclusa) a 17,54 € (IVA al 22% inclusa), in caso di linea telefonica di base\r\n-31,00 € (IVA esclusa) a 20,17 € (IVA al 22% inclusa), in caso di linea ISDN.\r\n', '', '', 1, 0),
(5, 'Restituzione Prodotti', 'Per cessare il noleggio di un prodotto, con la conseguente interruzione del relativo abbonamento, basta chiamare il Servizio Clienti linea fissa 187 e poi consegnare o spedire il prodotto insieme al modulo di accompagnamento che puoi scaricare da questa pagina.\r\n\r\nSe hai chiesto il recesso dal Contratto di Noleggio e Manutenzione devi restituire il prodotto in noleggio (fatta eccezione per i modem) entro e non oltre 30 giorni dalla data della richiesta di cessazione/recesso del contratto e consegnarlo, solo ed esclusivamente, presso uno dei seguenti Negozi TIM:\r\n\r\nROMA:           Viale Liegi, 31\r\nMILANO:        Piazza Cordusio snc - ang. Via Broletto\r\nNAPOLI:         Centro Direzionale - Isola A4\r\nPALERMO:     Via della libertà, 37/d\r\nTREVISO:       Via XX Settembre, 2\r\n(Nessun Negozio TIM al di fuori di quelli indicati in questa lista è abilitato alla riconsegna dei prodotti di cui si è chiesto il recesso del contratto di noleggio, pertanto, in nessun caso, potrà procedere al ritiro);\r\n\r\noppure spedirlo a mezzo pacco postale a: \r\n\r\n        Telecom Italia S.p.A. c/o Geodis Logistics\r\n        Magazzino Reverse A22\r\n        Piazzale Giorgio Ambrosoli snc\r\n        27015 Landriano PV\r\n\r\n\r\nAl pacco postale devi allegare il modulo di accompagnamento che puoi scaricare da questa pagina.\r\n\r\nScarica il modulo in formato pdf\r\n\r\n \r\n\r\nNel caso di riconsegna di un modem dovrai necessariamente spedirlo a mezzo pacco postale all’indirizzo indicato in questa pagina o sul modulo di accompagnamento in quanto, per questo prodotto, non è prevista la consegna diretta presso un Negozio TIM.\r\n\r\n', '', '', 1, 1),
(6, 'Tutto sulla tua SIM', 'Tutto ciò che devi sapere per gestire al meglio la tua SIM:\r\n\r\n-I codici PIN e PUK\r\n-Cosa fare in caso di furto o smarrimento\r\n-Sostituzione della tua SIM\r\n-Reintegro della numerazione prepagata', 'Q: Cosa sono i Codici PIN e PUK?:Q Q: Dove posso trovare i codici PIN e PUK?:Q Q: Ho subito il furto del mio telefonino. Cosa devo fare?:Q Q: Cosa si intende per sostituzione SIM Card?:Q', 'A: Il PIN (Personal Identity Number) è un codice numerico di 4 cifre che ti consente, se regolarmente impostato, di proteggere il telefonino da utilizzi illeciti. Viene infatti richiesto dal telefonino al momento dell’accensione; il codice PIN è personalizzabile. Il PUK (Personal Unblocking Key) è un codice di sblocco fisso e non modificabile che serve per sbloccare la SIM a seguito dell''errata digitazione del codice PIN per 3 volte di seguito. :A A: Ogni TIM Card o SIM in abbonamento viene venduta accompagnata da due codici di sicurezza, il PIN e il PUK. Puoi trovare i codici PIN e PUK sul retro del supporto di plastica, che ti viene consegnato al momento dell’acquisto della tua SIM, sotto la striscia argentata. I codici PIN e PUK sono strettamente personali ed il Servizio Clienti 119 non potrà fornirteli in caso di perdita o dimenticanza. :A A: In caso di furto o smarrimento del tuo telefonino dovrai tempestivamente bloccare la linea relativa alla SIM presente al suo interno.\r\nSe sei un cliente ricaricabile e sei già registrato alla sezione MyTIM Mobile puoi bloccare la linea direttamente online. Se non sei registrato alla sezione MyTIM Mobile o se sei un cliente in abbonamento dovrai contattare il Servizio Clienti 119. Previa identificazione e verifica della titolarità del numero (attraverso la comunicazione di nome, cognome, codice fiscale,...) verrà immediatamente bloccata la linea al traffico telefonico.:A A: L’operazione di sostituzione SIM ti consente di cambiare la tua SIM e conservare il tuo numero telefonico (sia per clienti ricaricabili che in abbonamento).\r\nTi ricordiamo che la sostituzione della SIM Card genera la perdita dei dati memorizzati contenuti al suo interno. In caso tu non abbia subìto il furto o lo smarrimento della carta oppure il blocco per codice PIN errato, informati su come trasferire i dati dalla memoria della scheda a quella del telefonino prima di procedere con la sostituzione della SIM Card.:A', 1, 0),
(7, 'Da Abbonamento a Ricaricabile', 'Se sei titolare di una linea in abbonamento e desideri passare al servizio ricaricabile puoi farne richiesta in un Negozio TIM o inoltrando la necessaria documentazione al Servizio Clienti 119.Per passare la tua utenza TIM da abbonamento a servizio ricaricabile puoi compilare il modulo di “Richiesta di migrazione da abbonamento a ricaricabile”. Il modulo è disponibile in formato pdf nella sezione Moduli e può essere scaricato direttamente dalla sottosezione “clienti con abbonamento”.\r\nPotrai inviare il modulo compilato con la richiesta di cessazione del contratto di abbonamento e la specificata volontà di passare verso servizio ricaricabile (indicando il profilo e l''eventuale opzione) e la modalità di rimborso ACI (assegno/accredito su linea ricaricabile), al numero di fax dedicato 800600119.\r\n\r\nPuoi effettuare il passaggio scrivendoci o in alternativa presso un qualsiasi Negozio TIM.\r\n', '', '', 1, 1),
(8, 'Servizi a valore aggiunti', 'I servizi a valore aggiunto, detti anche ‘premium’ o ‘a contenuto’, sono servizi forniti da parte anche di società esterne attraverso SMS, MMS o connessione dati da rete fissa (WEB) o in mobilità (WAP) che puoi attivare, ricevere e/o fruire su Telefonino, Tablet o PC. \r\nSi tratta di servizi quali: loghi, suonerie, oroscopi, meteo, news, video, sfondi ed altri.\r\n\r\nLa TIM Card, già dalla sua attivazione, è abilitata a effettuare/ricevere chiamate e videochiamate, inviare e ricevere SMS/MMS, a navigare in Internet, pertanto, è anche possibile attivare i servizi a valore aggiunto (ad esclusione delle TIM Card intestate a minori per le quali i servizi a contenuto “Adult” sono disabilitati).\r\n\r\nL’attivazione del servizio può avvenire seguendo la procedura di attivazione prevista per ciascuno dei canali sopra indicati (SMS, MMS, WEB, WAP ecc.), ma sempre e solo con il tuo consenso.\r\n\r\nI servizi a valore aggiunto sono a pagamento e le modalità di tariffazione (per singolo messaggio e/o contenuto, giornaliera, settimanale, mensile) variano a seconda della tipologia di servizio che hai scelto di attivare sulla tua linea. Quando scarichi un contenuto è perciò sempre importante verificare se ciò comporta l’adesione a un servizio in abbonamento con addebito periodico sulla tua utenza.\r\n\r\nPuoi disattivare un servizio a valore aggiunto in uno dei modi seguenti:\r\n\r\nDirettamente online accedendo alla sezione MyTIM Mobile nel TAB Servizi all''interno della sezione dedicata “Servizi a contenuto ed Internet” in cui visualizzi i Servizi a contenuto attivi sulla tua linea previa registrazione/autenticazione alla sezione MyTIM Mobile;\r\nTramite la URL o la sintassi di disattivazione presente nell’sms di welcome notificato dal fornitore a seguito dell’attivazione del servizio;\r\nChiamando il Servizio Assistenza Clienti del fornitore del servizio;\r\nInviando un sms gratuito al 119 con il seguente testo “disattivazione servizi VAS”;\r\nChiamando il Servizio Clienti 119.\r\nPer conoscere nel dettaglio le numerazioni dei servizi disponibili, i fornitori dei contenuti e i numeri di Assistenza clicca qui.\r\n\r\nOltre alla possibilità di disattivare il singolo servizio attivo sulla tua linea, hai anche la facoltà di richiedere in qualunque momento il blocco selettivo dei servizi a valore aggiunto così da inibirne l’attivabilità e la fruizione sulla tua utenza mobile, chiamando gratuitamente il Servizio Clienti 119. Hai altresì la facoltà di chiedere in qualunque momento e con la stessa modalità l’inibizione di specifiche categorie di servizi a valore aggiunto:\r\n\r\nVM18 (servizi sexy vietati ai minori di 18 anni);\r\nCharity (sms per donazioni in beneficenza);\r\nAnonimi e Scherzi (sms anonimi);\r\nBL TuuTuuTIM (servizio di risponderia con suoneria);\r\nBlack List Ticketing (pagamento ticket autobus o altro mediante credito/conto telefonico);\r\nServizi Bancari (servizi di informazione/notifica bancaria);\r\noltre che di tutte le direttrici Decade 4 o di una singola di tali direttrici (Direttrice 44, 47 o 48) sempre chiamando gratuitamente il Servizio Clienti 119.\r\n\r\nPuoi inoltre richiedere di abilitare nuovamente la tua utenza mobile ai servizi a valore aggiunto chiamando gratuitamente il Servizio Clienti 119.\r\n\r\nIn aggiunta alle ordinarie procedure di reclamo, in caso di attivazione non richiesta di un servizio a valore aggiunto sulla tua utenza mobile TIM puoi altresì richiedere il rimborso delle somme addebitate sul tuo credito/conto telefonico nonché la disattivazione del servizio: chiamando il Servizio Clienti 119 oppure utilizzando la nuova modalità dell’invio di un sms gratuito al 119 con il seguente testo “reclamo servizi VAS non richiesti” (o similare) entro 12 giorni dalla suddetta attivazione ed in assenza di analogo rimborso per il servizio nei 30 giorni precedenti.', '', '', 1, 0),
(9, 'MyTIM Fisso - gestione linea', 'Registrandoti al MyTIM Fisso o scaricando l’applicazione per smartphone e tablet avrai  a disposizione tutte le informazioni relative alla tua linea telefonica.\r\n\r\nPotrai visualizzare i servizi e le offerte attivi sulla tua linea telefonica, pagare le tue fatture e avere informazioni relative al traffico.', 'Q: Perché dovrei registrarmi al MyTIM Fisso o scaricare l’app MyTIM Fisso ?:Q Q: Come posso effettuare online un trasloco?:Q', 'A: Innanzi tutto perché è semplice e veloce, poi perchè hai la possibilità di gestire autonomamente la tua linea!\r\n\r\nCompila il modulo di registrazione per accedere ai nostri servizi.\r\n\r\nLa registrazione è completa e certificata se utilizzi un collegamento Telecom Italia associato al codice fiscale da registrare:\r\n\r\nse sei già un cliente internet TIM accedere utilizzando username e password di Alice Mail.\r\nse effettui la registrazione fuori casa o da una linea non TIM, dovrai chiamare il numero gratuito 40 123 opzione 2.\r\nle credenziali di accesso dell’applicazione MyTIM Fisso per smartphone e tablet sono quelle con le quali ti sei registrato alla sezione MyTIM Fisso.:A\r\nA: Il trasloco ti permette di trasferire la tua linea telefonica presso una nuova abitazione, nella stessa città o in una città diversa. Qualora la nuova abitazione si trovi nello stesso distretto telefonico di quella di origine, salvo problemi tecnici, sarà possibile mantenere il vecchio numero telefonico.\r\n\r\nLa richiesta di trasloco può essere inviata direttamente online oppure chiamando il Servizio Clienti 187.:A', 1, 0),
(10, 'MyTIM Mobile (gestione linea)', 'In MyTIM Mobile hai a disposizione tutte le informazioni relative alla tua linea telefonica.\r\n\r\nPuoi tenerti costantemente aggiornato sui servizi attivi sulla tua linea, sulle caratteristiche della tua SIM, avere indicazioni relative al tuo piano tariffario ed agli acquisti effettuati sul sito e se necessario bloccare la tua linea per furto o smarrimento.\r\n\r\n', 'Q: Come posso registrare la mia SIM a MyTIM Mobile?:Q Q: Guida alla registrazione a MyTIM Mobile.:Q', 'A: Registrarsi a MyTIM Mobile è facile e veloce. Accertati di avere accanto a te il telefonino e procedi cliccando sul tasto “Registrati”.:A A: Clicca sul tasto Registrati e procedi inserendo il numero dell’utenza che vuoi registrare ed il codice di sicurezza visualizzabile nell’immagine. Riceverai un SMS (*) con un codice temporaneo che dovrai inserire nell’apposito campo.\r\nLa tua username sarà il numero di telefonino. Ti sarà richiesto di scegliere una password di 8 cifre numeriche e di inserire il tuo indirizzo di posta elettronica. Riceverai quindi una mail da parte di TIM che ha come oggetto: Notifica da www.tim.it - verifica indirizzo email (se non la trovi  nella casella “Posta ricevuta” verifica se non sia all’interno della casella spam/posta indesiderata). Clicca sul link presente all’interno della mail per confermare l’indirizzo di posta elettronica fornito e completare così il processo di registrazione a MyTIM Mobile.\r\nCon le stesse username e password potrai accedere a MyTIM Mobile anche da smartphone e dall’APP MyTIM Mobile (in wi-fi).:A', 1, 0),
(11, 'Ricarica Veloce', 'Il servizio Ricarica Veloce dal sito tim.it ti permette di ricaricare il tuo telefonino senza bisogno di registrarti:\r\nè sufficiente inserire i tuoi dati e in 3 click la tua linea è ricaricata!\r\n\r\nI tagli di ricarica partono da un minimo di 6€ ad un massimo di 150€.\r\n\r\nTi verranno richieste alcune semplici informazioni quali:\r\n\r\nil numero TIM da ricaricare.\r\nun indirizzo mail al quale inviarti la notifica di operazione effettuata.\r\ni dati della tua carta di credito o di PayPal.\r\nSono accettate le principali carte di credito emesse in Italia aderenti ai circuiti Visa, Mastercard (tra cui CartaSì, Postepay, Clarima e Bankamericard Deutsche Credit Card), American Express, Diners e carta Aura.\r\n\r\nN.B. Ti ricordiamo che se scegli la ricarica da 6€ avrai a disposizione 5€ di credito e 500 MMS da inviare verso tutti entro 30 giorni. Per tutti i dettagli sulla Ricarica+ clicca qui.', '', '', 1, 1),
(12, 'Buono sconto per telefono', 'Vuoi un nuovo smartphone?\r\n\r\nPortaci il tuo vecchio telefono, da oggi vale uno sconto sul nuovo!\r\n\r\nCon il servizio TIM Valuta puoi far valutare gratuitamente e senza impegno il tuo telefonino, smartphone o tablet.  Ricevi subito uno sconto da utilizzare come meglio desideri: per l’acquisto di un nuovo telefonino, smartphone, tablet, chiavetta, Internet Pack, oppure in Ricarica telefonica TIM. Il servizio è aperto a tutti!\r\n\r\n\r\nFar valutare il telefono è molto semplice. E’ sufficiente:\r\n\r\n• portare presso uno dei negozi TIM che aderiscono all’iniziativa il tuo vecchio telefono, smartphone o tablet\r\n• l’addetto del negozio procederà alla valutazione del prodotto, verificandone le condizioni e lo stato d’uso\r\n• se accetti la valutazione, riceverai uno sconto di pari valore che potrai utilizzare subito per l’acquisto di un nuovo smartphone, tablet, oppure Ricariche telefoniche TIM.\r\n', '', '', 2, 0),
(13, 'Configurazione Mail su iPhone', 'Per aggiungere il tuo account di posta Alice su iPhone, tocca dal menu l''icona Impostazioni:\r\n\r\nScegli la voce Posta, contatti, calendari\r\nquindi Aggiungi account...\r\ndall''elenco dei provider vai su Altro;tocca l''opzione Aggiungi account Mail\r\ncompila i campi con i tuoi dati della casella di posta Alice:\r\nNome: inserisci un nome a tua scelta;\r\nIndirizzo: il tuo indirizzo completo del dominio @alice.it;\r\nPassword: digita la tua password di posta;\r\n', '', '', 2, 0),
(14, 'Connettersi a Internet mobile', 'Normalmente i telefoni commercializzati da TIM sono già predisposti per il collegamento Internet in maniera automatica, altrimenti dovrai eseguire la procedura di configurazione del servizio. \r\nDi seguito i passi da effettuare per capire se il tuo telefonino è configurato:\r\n\r\nSe hai un telefonino TIM, ti basterà cliccare sull’icona del Browser Internet;\r\nSe invece non hai un telefonino TIM, ti basterà cliccare sull’icona del Browser Internet e digitare l''indirizzo "wap.tim.it".\r\nSe non riesci a collegarti in questi modi, il tuo telefonino deve essere ancora configurato.\r\n\r\nPuoi farlo manualmente consultando le guide di configurazione specifiche per il tuo dispositivo, disponibili nella sezione “Configura online", selezionando dal menù a tendina la marca e il modello. \r\nSe non ricordi il modello specifico del tuo Smartphone o Tablet, puoi verificarlo entrando in  MyTIM Mobile. Il tuo dispositivo sarà automaticamente riconosciuto e potrai visualizzarne marca e modello.\r\n\r\nPer alcuni modelli puoi configurare in maniera automatica il tuo telefonino alla navigazione e agli MMS contattando il numero gratuito 40920, opzione 4.', '', '', 2, 0),
(15, 'Memotel', 'Il servizio di segreteria telefonica Memotel di Telecom Italia ti consente, senza apparecchi aggiuntivi, di registrare fino a 15 messaggi per un tempo massimo di 90 secondi ciascuno e di ascoltarli anche fuori casa da telefoni fissi o cellulari tramite il codice PIN personale.\r\n\r\nMemotel può essere attivata su linea telefonica tradizionale, ISDN e su numeri aggiuntivi VoIP; è un servizio centralizzato e funziona anche in assenza di corrente elettrica (nel caso di fonia tradizionale o ISDN).\r\n\r\n', '', '', 2, 0),
(16, 'Ricevo ma non chiamo', 'Se non riesci né a chiamare, né a ricevere telefonate, alza il ricevitore e verifica attentamente che tipo di segnale ascolti. In base alla fonia che hai ascoltato, segui le indicazioni consigliate per individuare le causa del problema riscontrato.\r\n\r\nscrivi a un operatore il tuo problema:\r\n\r\n-Si sente un suono continuo\r\n-Si sente un messaggio automatico\r\n-Si sente il tono di libero, ma dopo aver composto un numero ascolto un segnale di "occupato veloce"\r\n-Si sente il tono di libero, ma dopo aver composto un numero ascolto un messaggio e la chiamata non viene inoltrata\r\n-Si sente il tono di libero, ma dopo aver composto un numero la chiamata non viene inoltrata', '', '', 2, 0),
(17, 'Come riassegnare i numeri', 'Se hai necessità di riconfigurare i numeri per i diversi apparati (telefoni, fax o modem) collegati alle porte analogiche (a1/b1 e a2/b2) della borchia NT1 Plus, segui le indicazioni in base alla tipologia del tuo impianto.\r\n\r\nModalità ''Punto-Multipunto'' - configurazione del numero sulle porte a1/b1 e a2/b2 \r\n\r\nSe possiedi un solo numero e vuoi collegare uno o più telefoni sulle porte a1/b1 e a2/b2, componi il seguente codice con un telefono:\r\n\r\n', '', '', 2, 0),
(18, 'Prima Installazione', 'Se hai attivato l''offerta TIM SMART FIBRA con opzione autoinstallante, segui le indicazioni riportate nelle guide e nel video per il primo collegamento del modem Fibra di TIM e dei telefoni.\r\nLa confezione di Fibra autoinstallante contiene\r\n\r\nla scatola del modem Fibra con relativo alimentatore, filtro e i cavi di collegamento\r\nla scatola contenente i due cordless\r\nla guida specifica per Fibra autoinstallante.', '', '', 2, 0),
(19, 'Powerline Adapter', 'Per superare i problemi di copertura di segnale wi-fi si possono utilizzare i dispositivi Powerline Adapter che permettono di collegare qualunque dispositivo (es. decoder, pc, console giochi, stampanti, etc.) al modem Telecom Italia utilizzando la rete elettrica dell''abitazione.\r\n\r\nIn tal modo la rete elettrica di casa diventa rete per navigare e trasmettere con prestazioni fino a 200 Mbps e riservatezza dei dati garantita mediante un apposito sistema di crittografia, senza utilizzare lunghi cavi Ethernet e senza l''installazione di software aggiuntivo.', '', '', 2, 0),
(20, 'Come leggere la fattura ', 'La fattura della linea fissa è semplice e facile da leggere perché disegnata prendendo spunto dai suggerimenti dei clienti. La veste grafica, moderna e raffinata, utilizza un linguaggio sempre più chiaro per l’esposizione delle voci di spesa, facilitando la lettura di tutte le informazioni di cui hai bisogno e garantendo maggiore trasparenza nei contenuti e negli importi.\r\n', 'Q: Come leggo la fattura della linea fissa?:Q Q: Che vantaggi ho con la fattura online?:Q', 'A: Nella prima pagina trovi:\r\n\r\n-i dati principali dell’intestatario della linea di casa e della fattura\r\nil riepilogo degli abbonamenti attivi \r\n-un box informativo con le proposte commerciali personalizzate relative a  offerte, prodotti, servizi \r\n-l’informazione sulla modalità di pagamento (bollettino, addebito su conto corrente o su carta di credito).:A\r\nA: Con la fattura online puoi:\r\n\r\n-avere chiarimenti sul significato delle voci in fattura\r\n-visualizzare il dettaglio di tutte le tue telefonate ed analizzarle \r\n-utilizzando i filtri per tipo di chiamata, offerta, data, numero chiamato, \r\n-fascia oraria, durata e costo;\r\n-inviare segnalazioni al Servizio Clienti (ad es. segnalazione di errato \r\n-addebito del traffico, richiesta di abilitazione di un servizio, ecc.):A', 3, 1),
(21, 'Come pagare la fattura', 'Passa a Conto Online e risparmi fino a 2 euro/mese per i costi di ricezione della fattura cartacea (clicca qui)', 'Q: Posso richiedere la domiciliazione su carta di credito?:Q Q: Posso utilizzare il P@gonline in My TIM Fisso per pagare la fattura di un amico o un parente?:Q', 'A: Questo servizio ti permette di domiciliare in maniera permanente la fattura sulla tua carta di credito American Express, BankAmericard, Key Client, CartaSi, Diners Club e Moneta. Oltre ad essere comodo e sicuro, il servizio è gratuito e ti permette anche di usufruire della dilazione del pagamento in base ai giorni di valuta previsti dall''estratto conto della tua carta di credito. Inoltre, richiedendo Pagocard ti viene rimborsato l''anticipo conversazioni interurbane versato.:A A: Non è necessario che la fattura sia intestata a te, inserirai in questo caso le informazioni relative alla fattura che vuoi pagare.:A', 3, 0),
(22, 'Verifica credito residuo ', 'Il credito residuo disponibile, le offerte e lo stato dei bonus attivi sulla tua linea ricaricabile, sono consultabili attraverso le seguenti modalità:\r\n\r\nDirettamente dal tuo Smartphone, accedendo all’app MyTIM Mobile, attualmente disponibile in download gratuito nelle versioni per iPhone e per smartphone con sistema operativo Android.\r\nIn presenza di due o più bonus è prioritario quello con scadenza più immediata.\r\n\r\nTi ricordiamo che il bonus in euro non può essere utilizzato per le chiamate internazionali, per le chiamate verso numerazioni non geografiche (in Italia e all’estero) e per il traffico roaming (ad eccezione del traffico roaming dati).', '', '', 3, 1),
(23, 'Tariffa base per navigare', 'Flat Day è la tariffa base per la navigare in Internet da Smartphone, PC e Tablet per un massimo di 500MB al giorno al costo di 4€ (IVA inclusa).\r\n\r\nLa tariffa base Flat Day interviene in assenza di un’offerta dati attiva sulla tua linea. In questa circostanza se effettui una connessione Internet scatta un gettone giornaliero di 4€ per 500MB di traffico dati da utilizzare nell’arco della stessa giornata (fino alle 23:59).\r\n\r\nIl costo della Flat Day viene addebitato solo nei giorni di effettivo utilizzo al primo evento di connessione. Al raggiungimento di 500MB di traffico dati nella giornata, la velocità di navigazione si riduce a 32 Kbps senza ulteriori costi aggiuntivi. I MB di traffico a disposizione nel giorno vengono conteggiati a scatti unitari anticipati di 1KB. L''eventuale traffico Internet non consumato nella giornata viene azzerato.\r\n\r\nNota bene:\r\n\r\nLa tariffa base giornaliera è valida per la navigazione Internet in Italia su tutti gli APN (ibox.tim.it, wap.tim.it e blackberry.net).\r\nIl gettone di traffico acquistato è fruibile solo su territorio nazionale fino alle 23:59 della stessa giornata.\r\nSe hai attiva sulla tua linea un’offerta dati TIM per navigare da Smatphone, Tablet e PC, che prevede il rinnovo automatico settimanale o mensile, ricorda che il rinnovo avviene entro 4 ore dalla mezzanotte della data di scadenza, ma se effettui traffico dati prima che l’offerta si sia rinnovata, ti sarà applicata la Flat Day. Ricorda quindi di verificare sempre l’avvenuto rinnovo della tua offerta dati tramite il 40916 (per Clienti Ricaricabili) o il 40915 (clienti con Abbonamento), attraverso l''app MyTIM Mobile o via web accedendo alla sezione MyTIM Mobile.\r\nRicorda che TIM ti permette di proteggere la tua spesa mensile per navigare in Internet con Smartphone, PC e Tablet. Clicca qui per maggiori dettagli.\r\nSe pensi di utilizzare il servizio di navigazione Internet, in alternativa alla Flat Day, ti consigliamo di attivare una delle offerte dati TIM scegliendo quella più corrispondente alle tue esigenze. Per maggiori informazioni sulle offerte disponibili clicca qui o recati in un Negozio TIM.\r\n', '', '', 3, 0),
(24, 'MyTIM Fisso (controllo costi)', 'Registrandoti a MyTIM Fisso o scaricando l’Applicazione per smartphone e tablet avrai a disposizione tutte le informazioni relative alla tua linea di casa.\r\n\r\nPotrai visualizzare i servizi e le offerte attive sulla tua linea telefonica, pagare le tue fatture e avere informazioni relative al traffico.', 'Q: Perché dovrei registrarmi a MyTIM Fisso o scaricare l’App MyTIM Fisso ?:Q Q: Come posso visualizzare la mia fattura?:Q', 'A: Innanzi tutto perché è semplice e veloce, poi, perchè hai la possibilità di gestire autonomamente la tua linea!\r\n\r\nCompila il modulo di registrazione per accedere ai nostri servizi.\r\n\r\nLa registrazione è completa e certificata se utilizzi un collegamento di linea fissa TIM associato al codice fiscale da registrare:\r\n\r\nSe sei già un cliente Internet di TIM potrai accedere utilizzando username e password di TIM Mail o Alice Mail.\r\nSe effettui la registrazione fuori casa o da una linea fissa non TIM, dovrai chiamare (dalla linea di casa) il numero gratuito 40 123 opzione 2.\r\nLe credenziali di accesso all''app MyTIM Fisso per smartphone e tablet sono quelle con le quali ti sei registrato a MyTIM Fisso.:A A: Il ”mio conto" è il servizio gratuito che TIM ti offre per visualizzare la tua fattura di linea fissa direttamente online, prima ancora che sia recapitata a casa via posta.\r\nCon "Il mio Conto" puoi scegliere di non ricevere più il tuo conto TIM in versione cartacea, risparmiando così le spese di spedizione.\r\nVisualizzare "Il mio conto" è molto semplice:\r\nbasta registrarsi e, se lo desideri, selezionare l’opzione di eliminazione dell’invio cartaceo della fattura. Se non sei registrato, registrati ora.:A', 3, 1),
(25, 'MyTIM Mobile (controllo costi)', 'In MyTIM Mobile hai a disposizione tutte le informazioni che riguardano la tua linea mobile.\r\n\r\nPuoi tenerti costantemente aggiornato sulle offerte che TIM ha pensato per  te, visualizzare il tuo traffico telefonico, verificare il credito residuo ed effettuare ricariche, visualizzare e pagare online la tua fattura.\r\n\r\n', 'Q: Come posso registrare la mia SIM a MyTIM Mobile?:Q Q: Guida alla registrazione a MyTIM Mobile.:Q', 'A: Registrarsi a MyTIM Mobile è facile e veloce. Accertati di avere accanto a te il telefonino e procedi cliccando sul tasto “Registrati”.:A A: Clicca sul tasto Registrati e procedi inserendo  il numero dell’utenza che vuoi registrare ed il codice di sicurezza visualizzabile nell’immagine. Riceverai un sms (*) con un codice temporaneo che dovrai inserire nell’apposito campo.\r\nLa tua username sarà il numero di telefonino. Ti sarà richiesto di scegliere una password di 8 cifre numeriche e di inserire il tuo indirizzo di posta elettronica. Riceverai quindi una mail da parte di TIM che ha come oggetto: Notifica da www.tim.it - verifica indirizzo email (se non la trovi  nella casella “Posta ricevuta” verifica se non sia all’interno della casella spam/posta indesiderata). Clicca sul link presente all’interno della mail per confermare l’indirizzo di posta elettronica fornito e completare così il processo di registrazione a MyTIM Mobile.\r\nCon le stesse username e password potrai accedere a MyTIM Mobile anche da smartphone e dall’APP MyTIM Mobile (in wifi).:A', 3, 0),
(26, 'Cos’è TIMgames', 'TIMgames è servizio TIM edicato al gaming che consente a tutti i clienti di scaricare su tablet e smartphone i migliori giochi on demand e in abbonamento per il mondo mobile.\r\n\r\nCon TIMgames avrai a disposizione una library di oltre 1500 giochi, aggiornata ogni settimana con nuovi titoli e giochi in offerta presenti nell’area promozioni dello store.\r\n\r\nTIMgames èaccessibile sia da App (scaricabile da Google Play) che da browser su www.timgames.it L’utente può scegliere la modalità di acquisto preferita tra on demand e abbonamento.\r\n\r\n\r\n', '', '', 4, 0),
(27, 'Come accedere a TIMgames', 'Puoi accedere al servizio TIMgames nei seguenti modi:\r\n\r\nSmartphone e Tablet Android:\r\n\r\nSito mobile www.timgames.it\r\nApp TIMgames scaricabile da Google Play;\r\nN.B.: Con l’abbonamento I love Games promo attivo puoi scaricare da TIMgames tutti i giochi che vuoi sul tuo Smartphone/Tablet.\r\n\r\nApple e Windows Phone:\r\n\r\nSito mobile www.timgames.it', '', '', 4, 1),
(28, 'Cos’è TIMmusic', 'TIMmusic è la piattaforma di musica digitale di Telecomitalia dedicata a tutti i clienti che hanno uno smartphone/tablet TIM o una linea ADSL o Fibra  residenziale Telecom Italia o una chiavetta Internet TIM.\r\n\r\nCon TIMmusic puoi ascoltare milioni di brani in streaming senza limiti di tempo sul tuo smartphone e tablet o sul PC (clienti ADSL e Fibra Residenziale Telecom Italia o con chiavetta Internet TIM). Puoi  creare tue playlist personali o ascoltare quelle suggerite da dj e artisti famosi e condividere tutto sui principali social network. Il catalogo è sempre aggiornato con tutte le ultime uscite discografiche, spesso anche in anteprima esclusiva. E , se sei su mobile, non consumi GB perchè il traffico dati per l’ascolto di musica è incluso nel costo dell’abbonamento.', '', '', 4, 0),
(29, 'APP per smartphone e tablet', 'Per usufruire del servizio scarica gratis l’App TIMmusic dallo store del tuo Smartphone (App Store, Google Play, Windows Store o Blackberry App World*) o del tuo tablet (App Store, Google Play)\r\n\r\nPer versioni Apple iOS inferiori alla 7.0 aggiorna il sistema operativo.Valido solo per i BB con sistema operativo OS10 (Blackberry Z10, Blackberry Q5, Blackberry Q10, Blackberry Z30).\r\n', '', '', 4, 0),
(30, 'Cos’è TIMreading', 'TIMreading è lo Store di TIM che permette di acquistare e leggere eBook, quotidiani e Magazine su PC, Tablet e Smartphone.\r\n\r\nI contenuti disponibili sullo store sono:\r\n\r\n11 quotidiani nazionali e sportivi, completi di allegati ed edizioni locali, disponibili in abbonamento settimanale o mensile sul proprio PC, Tablet o Smartphone, per seguire l’informazione dalle prime ore del mattino\r\n\r\noltre 50 Magazine in copia singola o in abbonamento, per scoprire le nuove tendenze e nuove mete, seguire i gossip e l’attualità\r\n\r\noltre 75.000 eBook tra best seller, gialli, romanzi rosa, classici e tanto altro, per passare il tempo leggendo un buon libro.\r\n\r\n ', 'Q: Cos''è un eBook?:Q Q: Quali sono le dimensioni di un eBook / Quanto pesa un eBook?:Q', 'A: Un eBook è la versione elettronica di un libro stampato o stampabile, che può essere scaricato e letto su un PC, un Tablet o uno Smartphone. Un eBook offre un''esperienza di lettura molto simile al libro tradizionale e in più tutta la flessibilità e il potenziale offerto dai dispositivi digitali.:Q A: Il libro elettronico non ha un peso fisico ma un peso in KB o MB che corrisponde allo spazio di memoria occupato dal file nel dispositivo lettore, variabile a seconda delle caratteristiche del libro (numero di pagine, presenza di immagini, multimedialità e altro). In media il peso varia tra i 100KB e i 2MB.:Q', 4, 1),
(31, 'Tutti i modi per acquistare', 'Su TIMreading puoi acquistare eBook, quotidiani e magazine con queste modalità:\r\n\r\ntutti i contenuti (eBook, quotidiani e Magazine) sono acquistabili da PC e Tablet accedendo al sito www.timreading.it e navigando nel catalogo\r\ngli eBook sono acquistabili anche da Smartphone tramite il sito mobile m.timreading.it. In questo caso, per completare l''acquisto, devi aver precedentemente configurato lo strumento di pagamento sul tuo profilo\r\ngli eBook e Magazine sono acquistabili anche tramite l’ App TIMreading per Smartphone e Tablet Android, nella sezione SHOP (l''App per Smartphone consente l''acquisto dei soli eBook). In questo caso, per completare l''acquisto, devi aver precedentemente configurato lo strumento di pagamento sul tuo profilo.\r\nIl pagamento dei contenuti o degli abbonamenti acquistati su TIMreading può avvenire con carta di credito, addebito in bolletta Telecom Italia o credito mobile TIM/bolletta TIM.\r\n\r\nSono accettate tutte le carte di credito del circuito VISA, MasterCard, American Express, comprese le prepagate e le Postepay.\r\nIl numero di carta di credito può essere inserito al momento dell''acquisto o configurato precedentemente tra gli strumenti di pagamento, durante la registrazione allo store o successivamente nel proprio profilo.\r\nQuesto ti consentirà di acquistare i tuoi eBook anche quando sei in mobilità, cioè se accedi allo store TIMreading da Tablet o Smartphone. In ogni caso per garantire la tua sicurezza ti verrà sempre chiesto l''inserimento del codice di sicurezza della tua carta di credito.\r\nAttenzione: se acquisti un abbonamento con carta di credito, puoi modificare la carta di credito salvata nel tuo profilo in qualsiasi momento, purché ve ne sia sempre una memorizzata, altrimenti il rinnovo dell''abbonamento non andrà a buon fine e quindi il servizio sarà disattivato.', 'Q: Posso acquistare più di un abbonamento ad un quotidiano?:Q', 'A: Sì, puoi acquistare più di un abbonamento se scegli giornali diversi, mentre sullo stesso giornale potrai attivare l''abbonamento settimanale o in alternativa quello mensile.:A', 4, 0),
(32, 'Verifica il tuo traffico', 'Accedendo alla sezione MyTIM Mobile del nostro sito è possibile verificare il dettaglio dei consumi relativi al traffico effettuato.\r\n\r\nSe hai una linea prepagata: è possibile verificare il dettaglio del traffico effettuato a partire dal giorno precedente e fino agli ultimi 2 mesi rispetto alla data di consultazione.\r\n \r\nSe hai sottoscritto un abbonamento: oltre a verificare il saldo dei consumi in corso di fatturazione, è possibile verificare online e scaricare il pdf del traffico telefonico effettuato entro 90 gg. dalla data di scadenza della fattura di riferimento.\r\n', '', '', 3, 0),
(33, 'Vedere i propri abbonamenti', 'Per visualizzare il proprio abbonamento, puoi:\r\n\r\nentrare su www.timgames.it e cliccare su MyTIMgames.  All’interno della sezione “gestione abbonamenti” troverai tutti i dettagli del servizio da te sottoscritto;\r\nentrare nell’Area clienti del sito tim.it e cliccare poi nella sezione “opzioni”\r\noppure chiamare il 40916 e consultare le opzioni attive sul proprio profilo.\r\n', '', '', 4, 0),
(34, 'Disattivare un abbonamento', 'Per disattivare il tuo abbonamento, puoi farlo:\r\n\r\nall’interno dell’area clienti MyTIMgames, sul sito mobile www.timgames.it\r\ndirettamente online all’interno dell’Area clienti sul sito tim.it\r\nchiamando il numero gratuito 40916 (per Clienti Ricaricabili) e seguendo la voce guida\r\ninviando un SMS gratuito al numero 40916 con il testo ILOVEGAMESPROMO OFF\r\nchiamando gratuitamente il Servizio Assistenza Clienti 119\r\n', '', '', 4, 0),
(35, 'Come ascolto in wifi', 'L''App TIMmusic funziona anche in WiFi a seguito di un accesso tramite Rete TIM (3G/4G) da parte di un''utenza con abbonamento attivo: fuori casa puoi ascoltare TIMmusic collegandoti alla Rete dati mobile (di qualunque operatore); rientrando in casa, il tuo Smartphone/Tablet si aggancia in automatico al WiFi domestico e l''applicazione continua a funzionare senza interruzione.\r\n\r\nAttenzione per continuare a funzionare in WiFi, l''applicazione necessita periodicamente (ogni 7 giorni) di un nuovo collegamento sulla Rete dati TIM: dunque se hai un abbonamento TIMmusic attivo e sotto copertura WiFi senti solo 30 secondi di un brano, ti consigliamo di disabilitare la modalità WiFi e di aprire l''App TIMmusic sotto copertura 3G/4G. Subito dopo, riabilitando il WiFi, potrai riprendere ad ascoltare i brani completi in alta qualità.', '', '', 4, 0),
(36, 'Dove leggere', '\r\n\r\nI contenuti acquistati su TIMreading possono essere sfogliati su diversi dispositivi:\r\n\r\ngli eBook su PC, Tablet e Smartphone\r\n\r\ni Magazine su PC e Tablet\r\n\r\ni quotidiani su PC e Tablet e la maggior parte anche su Smartphone\r\n\r\nPer leggere i nostri eBook e Magazine devi disporre di un Adobe ID, ossia di una username e una password, con il quale Adobe® possa riconoscerti e assicurarsi che nessun altro oltre te possa leggere i contenuti che hai acquistato.\r\n\r\nVedi la pagina successiva di assistenza “Configurare l’Adobe ID”.\r\n\r\n \r\n\r\nLeggere su Tablet\r\n\r\nPer sfogliare eBook e Magazine sul tuo Tablet, bisogna scaricare l''App TIMreading da Google Play® (per terminali Android) o da Apple AppStore® (per terminali iOs). Inserisci le tue credenziali TIMreading ed Adobe: troverai i magazine e gli ebook acquistati in «La mia Edicola» e «La mia Libreria» pronti per essere scaricati e sfogliati.\r\n\r\n \r\n\r\nLeggere su Smartphone\r\n\r\nPuoi sfogliare sul tuo Smartphone gli eBook acquistati su TIMreading e buona parte dei quotidiani disponibili.\r\nPer leggere gli eBook, è necessario scaricare l''App TIMreading da Google Play® da Apple AppStore. Inserisci le tue credenziali TIMreading ed Adobe: troverai gli ebook acquistati in «La mia Libreria» pronti per essere scaricati e sfogliati.\r\nI quotidiani, invece, possono essere sfogliati sul sito mobile o sull’App del giornale che hai acquistato.\r\n\r\n \r\n\r\nLeggere su PC\r\n\r\nSe hai acquistato un eBook o un Magazine (in copia singola o in abbonamento), accedi al sito TIMreading con il tuo account e troverai tutti gli eBook e Magazine che hai acquistato nell’area “Le mie letture”. Per leggere da PC è necessario installare il software Adobe Digital Editions , scaricabile gratuitamente.', 'Q: Devo essere connesso a Internet quando leggo il mio eBook?:Q Q: Devo essere necessariamente online per leggere un quotidiano?:Q Q: Devo essere necessariamente online per leggere un Magazine su PC e Tablet?:Q', 'A: No. Una volta scaricato, l''eBook viene salvato sul tuo dispositivo di lettura (App TIMreading per Smartphone e Tablet o su PC).\r\n\r\nTi ricordiamo che, solo se sei un Cliente TIM e se hai attiva un’offerta Internet, il traffico internet per il download degli ebook è incluso su Rete mobile TIM 3G/4G per apn wap.tim.it e ibox.tim.it e non erode il bundle dati compreso nell’offerta dati.:A A: Se leggi il quotidiano da Tablet o Smartphone devi attivare una connessione dati per poter scaricare la copia del giorno. Dopo averla scaricata, potrai consultarla anche senza essere connesso, ma in questo caso i link ai contenuti multimediali non saranno utilizzabili.Se leggi il quotidiano da PC dovrai essere connesso per utilizzare lo sfogliatore dell''Editore. Per i quotidiani Corriere della Sera, La Gazzetta dello Sport, Il Messaggero, Il Mattino, Il Gazzettino, Corriere Adriatico e Nuovo Quotidiano di Puglia potrai scaricare il PDF dell''edizione giornaliera.:A A: No, una volta scaricato il Magazine sul tuo PC o dall’App TIMreading su Tablet, potrai leggerlo senza la necessità di una connessione dati. Ti ricordiamo che, solo se sei un Cliente TIM e se hai attiva un’offerta Internet, il traffico internet per il download dei magazine è incluso su Rete mobile TIM 3G/4G per apn wap.tim.it e ibox.tim.it e non erode il bundle dati compreso nell’offerta dati.:A', 4, 1),
(37, 'Cos''è Tim Vision', 'TIMvision è la nuova risposta alle esigenze di intrattenimento per tutta la famiglia. E’ la TV interamente on demand di TIM che tramite una connessione ADSL Illimitata o Fibra ti permette di godere di migliaia di titoli: il grande cinema, le serie TV più appassionanti, i cartoni animati più amati e tanto altro ancora come documentari, reportage e musica.\r\n\r\n \r\n\r\nI clienti TIMvision possono accedere a:\r\n\r\nTIMvision TV\r\nVideostore\r\nFree\r\nReplay TV\r\nL''abbonamento TIMvision ti permette di guardare tutti i contenuti su PC, Smart TV o TV con Decoder, tablet e smartphone senza consumare Giga, quando e dove vuoi.\r\n', '', '', 4, 0),
(38, 'Dove posso vedere Tim Vision', 'TIMvision è un servizio disponibile per clienti Telecom Italia e TIM e per clienti di altri operatori di telefonia fissa.\r\n\r\nDa qualsiasi TV tramite apposito decoder, da Smart TV e Blu-ray (Samsung e LG) compatibili, dal sito timvision.it, da app TIMvision per pc connessi con chiavetta TIM (massimo12 pollici), da app per Tablet e Smartphone, da app per sistema operativo Windows 8.\r\n\r\nCon l’abbonamento TIMvision è possibile vedere tutti i titoli fino a 6 diversi dispositivi senza alcun costo aggiuntivo. Il traffico Internet per la visione dei titoli su rete TIM è gratuito, infatti la visione non erode il traffico dati del proprio abbonamento.\r\n', '', '', 4, 0),
(40, 'Registrazione al servizio', 'La procedura di registrazione a TIMvision è necessaria per garantirti la sicurezza dell’acquisto e la visione gratuita dei titoli fino a 6 dispositivi.\r\n\r\nSe hai collegato il decoder TIMvision alla linea ADSL/Fibra di casa via ethernet o via Wifi, segui le indicazioni a video e con pochi semplici passaggi avrai completato la registrazione. Una volta connesso il decoder alla rete, potrai configurare un account TIMvision (email e password) dalla sezione Profilo/Modifica Account. In tal modo potrai utilizzare le credenziali per accedere su altri dispositivi compatibili TIMvision e vedere i titoli inclusi nell’abbonamento. Tali dati saranno sempre visualizzabili nella sezione Profilo/I Miei Dati\r\n\r\nSe stai accedendo dalla tua Smart TV per completare la registrazione potrebbe esserti richiesto di cliccare su un link inviato alla mail da te scelta. Ti consigliamo di farlo immediatamente per poter fruire quindi del servizio TIMvision nella sua completezza. Ricordati che la username (indirizzo email) e la password scelte dovranno essere inserite al primo accesso successivo sul tuo Smart TV per effettuare il login. Poi non ti saranno più richieste, a meno che tu non esegua il logout.\r\n\r\nSe stai accedendo dal tuo tablet/smartphone o da timvision.it entra in REGISTRATI. Le credenziali scelte dovranno inoltre essere utilizzate per autenticarsi su tutti i dispositivi compatibili con TIMvision.', '', '', 4, 0),
(41, 'Parental Control', 'La funzionalità Parental Control permette, se opportunamente attivata, di filtrare i contenuti non adatti alla fruizione da parte dei più piccoli o di persone particolarmente sensibili a immagini o tematiche ritenute inadatte.\r\n\r\nIl Parental Control è preimpostato sul livello medio in modo da impedire la visione dei contenuti consigliati ad un pubblico adulto. In fase di registrazione a TIMvision ti verrà richiesto di configurare un codice numerico di 4 cifre, cosiddetto PIN Parental Control. Questo PIN ti servirà per modificare successivamente il livello di Parental Control.\r\n', 'Q: Come posso attivare il Parental Control da TV ( con decoder)?:Q Q: Come posso attivare il Parental Control da tablet/smartpone o sito timvision.it ?:Q Q: Come posso recuperare il PIN Parental Control?:Q', 'A: Per attivare/modificare il livello del Parental Control entra in Profilo/I Miei Dati/Parental Control. Per modificarlo ti sarà richiesto di inserire il PIN Parental Control da te scelto nella fase iniziale di registrazione al servizio.:A A: Per attivare il Parental Control, registrati al servizio. Entra nel mio profilo e dalla sezione IMPOSTAZIONI/Parental Control. Da questa sezione potrai modificare il livello di Parental control inserendo il PIN definito in fase di registrazione.:A A: Puoi recuperare il PIN necessario per modificare il livello di parental control contattando il Servizio Clienti 187.:A ', 4, 1),
(42, 'Gli elenchi telefonici a casa tua', '\r\nServizio annuale di consegna degli elenchi telefonici\r\n\r\nIl servizio di consegna degli elenchi telefonici consente di ricevere ogni anno, comodamente presso l’indirizzo di ubicazione del tuo impianto telefonico, gli elenchi degli abbonati di linea fissa TIM e degli altri gestori telefonici, aggiornati all’anno in corso. Il servizio NON comprende il ritiro degli Elenchi telefonici relativi alle precedenti edizioni.\r\n\r\nIl servizio di consegna elenchi telefonici è a pagamento al costo annuale di 2,50 € (IVA inclusa). Il costo del servizio è addebitato sulla Fattura TIM della linea di casa; non è dovuto alcun importo agli addetti incaricati della distribuzione.\r\n\r\nTi ricordiamo che è possibile rinunciare gratuitamente in qualsiasi momento al servizio di consegna degli elenchi telefonici, contattando telefonicamente il Servizio Clienti linea fissa 187 o inviando una comunicazione scritta all’indirizzo Telecom Italia  indicato sulla Fattura o al numero verde fax 800000187 del Servizio Clienti; in tal caso TIM provvederà a non addebitare più il relativo importo.\r\nPer ulteriori informazioni sul servizio o per richiederlo in caso di precedente rinuncia, ti invitiamo a contattare il Servizio Clienti 187, a disposizione 7 giorni su 7, dalle 7.00 alle 22.30.', '', '', 1, 0),
(43, 'Verifica la copertura', 'Accedi direttamente all''area "Verifica Copertura” e digita il comune per il quale ti interessa ricevere informazioni di copertura; oppure selezionalo dalla mappa e riceverai indicazioni sulla presenza di segnale:\r\n\r\n2G (GSM,GPRS e EDGE) (per effettuare e ricevere telefonate/SMS/MMS e collegarti a Internet)\r\n3G (UMTS e HSPA)\r\n4G (LTE)\r\n4GPLUS (LTE Advanced)\r\nTieni sempre presente che l’indicazione fornita dal sito è riferita all’intero comune scelto e non alle singole strade perciò potrebbe accadere che anche in presenza di indicazione copertura sul territorio, alcune ristrette zone non siano completamente coperte dal segnale TIM; pertanto è sempre consigliabile effettuare una verifica sul campo, anche solo con un normale telefonino e una scheda TIM. Ricorda inoltre che, ove presente, i servizi e la copertura sono garantiti solo in outdoor, cioè all’esterno dei palazzi, e non all’interno delle mura domestiche o degli ambienti di lavoro.\r\n\r\nSe hai verificato che la tua zona è coperta dal servizio TIM ma il segnale rilevato dal telefonino è scarso o assente, ti consigliamo di:\r\n\r\nspegnere e riaccendere il telefonino e riprovare; questa semplice manovra può portare ad una soluzione immediata del problema.\r\nSe questo non risolve:\r\n\r\nEffettuare una prova incrociata inserendo la SIM su un altro cellulare per verificare se funziona correttamente ed escludere così la possibilità che si sia smagnetizzata. Contestualmente provare ad inserire un’altra SIM sul telefonino da cui si è riscontrato il problema al fine di accertare che lo stesso funzioni regolarmente;\r\nVerificare infine se altri clienti TIM della tua zona hanno riscontrato le stesse difficoltà, nel qual caso si evince che si tratta di un problema non legato solo alla tua linea telefonica.\r\nNel caso in cui il problema di segnale si manifesti da meno di 24 ore, può trattarsi di un disservizio momentaneo e ti consigliamo di attendere.\r\n\r\n', '', '', 1, 0);
INSERT INTO `assistenza` (`idassistenza`, `nomeassistenza`, `descrizioneassistenza`, `domandeassistenza`, `risposteassistenza`, `idcategoria`, `highlightsboolean`) VALUES
(44, 'Gli MMS', 'Il servizio MMS (Multimedia Message Service) permette di inviare:\r\n\r\nTesto con più di 1000 caratteri.\r\nFoto, immagini e filmati.\r\nSuonerie e file audio.\r\nI telefonini brandizzati TIM hanno già al loro interno le impostazioni corrette per utilizzare il servizio. Se necessario, per configurare gli MMS o se vuoi semplicemente verificarne le impostazioni, puoi consultare i manuali di configurazione disponibili all’interno della sezione Assistenza del sito TIM.it, alla voce “Configura online”, che ti guideranno nell’impostare i paramentri necessari. \r\n\r\n \r\n\r\nN.B. Se non conosci il modello del tuo telefonino puoi accedere direttamente alla sezione MyTIM Mobile.\r\nDopo esserti autenticato con la tua username e password, avrai accesso alla tua area personale ed il tuo modello di telefonino sarà automaticamente riconosciuto. Se non hai un telefonino compatibile con la tecnologia MMS o se il tuo telefonino non è abilitato all’invio e alla ricezione di MMS, puoi visualizzare il Messaggio Multimediale ricevuto sulla tua linea, accedendo:\r\n\r\nSe sei già registrato alla sezione Mail, inserendo i tuoi dati (nome utente e password).\r\nSe non sei registrato, all’indirizzo WEB che trovi nell’SMS di notifica che riceverai, contenente anche la password momentanea per la visualizzazione.\r\nPer i clienti ricaricabili: è necessario avere sufficiente credito residuo per effettuare questo tipo di traffico telefonico. L’invio e la ricezione di MMS avviene tramite connessione dati, e questa è abilitata solo a fronte della presenza di credito residuo sull''utenza. In ogni caso la ricezione degli MMS sul territorio nazionale non comporta alcun addebito.\r\n\r\nPer i clienti con abbonamento: per poter inviare e ricevere MMS, la linea deve essere abilitata alla connessione dati; alcune linee con Abbonamento possono essere inibite a tale traffico.\r\nInviare e ricevere MMS dall''estero è facile come quando sei in Italia, scopri gli Operatori con cui TIM ha accordi.\r\n\r\n \r\n\r\nInviare e ricevere MMS\r\n\r\nPer utilizzare il servizio MMS devono verificarsi le seguenti condizioni:\r\n\r\nTipologia e dimensione del messaggio multimediale consentita dal modello di telefonino.\r\nSIM da 64K o superiore.\r\nPresenza del segnale di rete.\r\nTraffico acquistato residuo (se sei cliente ricaricabile).\r\nAbilitazione su rete TIM (se sei cliente con abbonamento).\r\nCorretta configurazione dei parametri TIM per la ricezione/invio degli MMS\r\nSpazio sufficiente nella memoria del telefonino.\r\nSe non ricevi alcuni MMS devi assicurarti che il tuo telefonino risulti compatibile con il contenuto multimediale e che abbia sufficiente memoria libera. Nei casi in cui non è stato possibile ricevere l’MMS, potrai visualizzare il contenuto del messaggio tramite il servizio Mail del nostro sito.\r\n\r\nIl costo per l''invio di un MMS dall''Italia verso un numero nazionale dipende dal piano tariffario attivo sulla tua linea. Ricorda che puoi conoscere tutti i dettagli del tuo piano tariffario entrando nella sezione MyTIM Mobile cliccando sul nome della tua "Tariffa base".\r\n\r\nLa ricezione degli MMS su rete dati in territorio nazionale è gratuita.\r\nConoscere l''esito del tuo MMS, con la data, l''ora di consegna e di lettura avvenuta, è gratuito!\r\n\r\nAll’estero la tariffazione degli MMS inviati e ricevuti varia a seconda del Paese Estero che ti ospita.\r\nGli MMS inviati dall''Italia verso direttrici internazionali sono tariffati secondo i normali costi nazionali.', '', '', 1, 0),
(45, 'Recupero password MyTim', 'Se hai dimenticato o smarrito la password di accesso alla sezione MyTIM Mobile, (che è la stessa che utilizzavi per accedere in Area Clienti 119),  clicca su Recupera Password; riceverai tramite SMS una password temporanea che dovrai digitare.\r\n\r\nAccertati di avere accanto a te il telefonino\r\n\r\nRECUPERA PASSWORD\r\n', '', '', 1, 0),
(46, 'SEPA (Single Euro Payments Area)', 'TIM ha informato la propria clientela, attraverso uno specifico messaggio informativo in fattura, in merito all’applicazione del Regolamento UE 260/2012 che prevede, a partire dal 1° febbraio 2014, la sostituzione obbligatoria del servizio di addebito diretto nazionale con l’adozione di nuovi schemi di pagamento europei (SEPA).\r\n\r\nLe autorizzazioni all’addebito in conto (c.d. domiciliazioni RID bancarie e postali) per l’incasso di addebiti diretti periodici secondo uno schema nazionale, rilasciate al beneficiario del pagamento prima del 1° febbraio 2014, rimangono valide anche dopo tale data.\r\n\r\nTIM, in qualità di beneficiario del pagamento, utilizzerà quindi nel corso dei prossimi mesi i nuovi strumenti di addebito diretto SEPA, senza soluzione di continuità rispetto alle attuali domiciliazioni RID in essere con la propria clientela e mantenendo invariate le attuali modalità di pagamento.\r\n\r\nQualora gli addebiti dell’utenza telefonica fossero domiciliati su un conto corrente intestato a persona diversa dal titolare del contratto di abbonamento, TIM inviterà il titolare del contratto di abbonamento ad inoltrare comunicazione sulla prossima migrazione alla SEPA anche all’intestatario del conto corrente sul quale la domiciliazione è stata attivata.\r\n\r\n\r\nCos''è la SEPA?\r\nPer SEPA (Single Euro Payments Area o Area Unica dei Pagamenti in Euro) s’intende un’iniziativa dell’Unione Europea per l’integrazione nell’area dei sistemi di pagamento. Dopo l’introduzione delle monete e delle banconote in Euro avvenuta nel 2002, le autorità Europee, in particolare la Commissione Europea e la Banca Centrale Europea, in accordo con i Governi dei Paesi dell’Unione, si sono focalizzate sull’integrazione del mercato dei pagamenti in Euro.\r\n\r\nL’armonizzazione e l’integrazione della moltitudine degli schemi di bonifico ed addebito diretto esistenti nei diversi Paesi dell’Unione Europea e la loro sostituzione con schemi di pagamenti comuni ed utilizzabili in tutta Europa rappresenta un passo essenziale per il completamento dell’introduzione dell’Euro quale divisa di regolamento monetario.', 'Q: Quali sono i benefici attesi dalla realizzazione della SEPA?:Q Q: Quando si realizzerà la SEPA ?:Q Q: Quali sono gli strumenti di pagamento della SEPA?:Q', 'A: La realizzazione della SEPA consentirà agli utilizzatori dei servizi di pagamento, consumatori, imprese e Pubbliche Amministrazioni, di effettuare e ricevere pagamenti in Euro da e verso 33 Paesi (28 Paesi dell’Unione Europea più Islanda, Norvegia, Liechtenstein, Svizzera e Monaco) con la stessa facilità con la quali gli stessi sono ora eseguibili a livello nazionale.\r\n\r\nL’adozione di schemi di pagamento e standard comuni produrrà una riduzione dei costi legati al trasferimento monetario, faciliterà la competizione tra i fornitori di servizi di pagamento e stimolerà la realizzazione di servizi di pagamento innovativi.\r\n\r\nPer gli utilizzatori delle carte, i vantaggi saranno legati all''adozione, in sostituzione delle vecchie carte a banda magnetica, di nuove carte dotate di tecnologia chip e PIN (codice segreto) che garantiscono maggiore sicurezza per gli utenti ed all’uniformità nell''uso fuori dai confini nazionali: sarà possibile utilizzare la carta in tutta la SEPA e non solo nei singoli Paesi mantenendo le medesime condizioni e la stessa facilità d’uso.:A A: La realizzazione della SEPA ha tempistiche e modalità differenti per i diversi strumenti di pagamento: bonifici, addebiti diretti e carte di credito e di debito.\r\n\r\nPer quanto riguarda bonifici e addebiti diretti, nel 2012 il Legislatore Europeo ha emanato un Regolamento che stabilisce il 1° febbraio 2014 come termine ultimo entro il quale dovrà avvenire la sostituzione obbligatoria dei servizi di addebito diretto e di bonifico nazionali e l’adozione dei nuovi schemi di pagamento Europei aventi le caratteristiche tecniche definite dal Regolamento stesso.\r\n\r\nI pagamenti e i prelievi effettuati con carte di credito e di debito nei Paesi della SEPA sono invece regolati da una serie di principi generali, il cd. SEPA Cards Framework, che rappresentano il quadro di riferimento per l''evoluzione dei circuiti nazionali e internazionali verso la SEPA, in un contesto di autoregolamentazione del sistema bancario e finanziario.:A A: La realizzazione della SEPA ha tempistiche e modalità differenti per i diversi strumenti di pagamento: bonifici, addebiti diretti e carte di credito e di debito.\r\n\r\nPer quanto riguarda bonifici e addebiti diretti, nel 2012 il Legislatore Europeo ha emanato un Regolamento che stabilisce il 1° febbraio 2014 come termine ultimo entro il quale dovrà avvenire la sostituzione obbligatoria dei servizi di addebito diretto e di bonifico nazionali e l’adozione dei nuovi schemi di pagamento Europei aventi le caratteristiche tecniche definite dal Regolamento stesso.\r\n\r\nI pagamenti e i prelievi effettuati con carte di credito e di debito nei Paesi della SEPA sono invece regolati da una serie di principi generali, il cd. SEPA Cards Framework, che rappresentano il quadro di riferimento per l''evoluzione dei circuiti nazionali e internazionali verso la SEPA, in un contesto di autoregolamentazione del sistema bancario e finanziario.:A ', 3, 1),
(47, 'Promozioni e i rinnovi automatici', 'Se hai una linea Ricaricabile ed hai acquistato una Promozione che prevede il rinnovo periodico di un bundle di traffico in chiamate, SMS o navigazione Internet, ti ricordiamo che il rinnovo dell’opzione avverrà al massimo entro 4 ore dalla mezzanotte della data di scadenza prevista dall’offerta. Il rinnovo è sempre confermato con un SMS.\r\n\r\nTi ricordiamo di verificare che il giorno del rinnovo la tua TIM Card disponga di un credito sufficiente.\r\n\r\nPrima di usufruire del servizio ti invitiamo comunque a verificare l’avvenuto rinnovo del bundle previsto dalla Promozione contattando il numero gratuito 40916 (per Clienti Ricaricabili).\r\n\r\nInoltre potrai sempre verificare lo stato della tua Promozione consultando l''MyTIM Mobile, navigando dal telefonino sul sito TIM.it ottimizzato per il tuo Smartphone, oppure attraverso l''app MyTIM Mobile.', '', '', 3, 0),
(48, 'Il rendiconto TIM Online', 'Il servizio gratuito Rendiconto TIM Online, ti consente di visualizzare e stampare il tuo rendiconto telefonico TIM, valido ai fini fiscali, direttamente da MyTIM Mobile del sito TIM.it.\r\n\r\nSe hai sottoscritto un nuovo Abbonamento TIM, a meno di una tua diversa indicazione, il servizio “Rendiconto TIM Online” è già attivo: riceverai una notifica tramite SMS e mail (se hai già effettuato la registrazione a MyTIM Mobile o fornito e certificato un indirizzo di posta elettronica) quando un nuovo rendiconto telefonico sarà disponibile in MyTIM Mobile.\r\n\r\nLa registrazione a MyTIM Mobile di TIM.it è necessaria per poter usufruire del servizio.\r\n\r\nSe invece ricevi la fattura cartacea e desideri attivare il Rendiconto TIM OnLine, segui questi semplici passaggi:\r\n\r\nAccedi a MyTIM Mobile del sito tim.it, oppure clicca sulla voce Registrati se sei un utente non ancora registrato.\r\nClicca sul tasto ATTIVA che troverai, una volta eseguito l''accesso, nell''area dedicata all''interno della sezione "Il tuo Rendiconto telefonico".\r\nAllo stesso modo potrai, quando vorrai, disattivare il servizio, ripristinando così l''invio del rendiconto telefonico in formato cartaceo.\r\n\r\nL’attivazione o la disattivazione del servizio “Il Rendiconto TIM online”, con la relativa eliminazione o ripristino dell’invio del rendiconto cartaceo, partirà dal bimestre di fatturazione in cui la richiesta è stata effettuata.\r\n\r\nCon il servizio attivo il tuo nuovo recapito di fatturazione sarà il tuo MyTIM Mobile e le mail sia di benvenuto che di disponibilità del rendiconto, ti saranno inviate all’ultimo indirizzo di posta elettronica che ci hai fornito e validato; allo stesso indirizzo ti verranno inviate le mail per ricordarti di effettuare il download del rendiconto entro cinque giorni dalla sua pubblicazione sul sito.\r\n\r\nTi ricordiamo, inoltre, che saranno disponibili online i rendiconti relativi agli ultimi 6 bimestri emessi.\r\n\r\nSe non hai domiciliato i pagamenti, con il servizio “Rendiconto TIM Online”, non ti sarà recapitato il bollettino premarcato. Per effettuare il pagamento del rendiconto è possibile scegliere tra le altre modalità di pagamento disponibili.', '', '', 3, 0),
(49, 'Documentazione dei consumi', 'È un servizio gratuito e su richiesta e permette di avere, ogni mese con la tua fattura, il dettaglio delle telefonate effettuate e dei servizi utilizzati.\r\n\r\nRiporta le chiamate effettuate dalla tua linea telefonica con l’indicazione del tipo di chiamata (es. locale, interurbana, ecc.) dell’offerta in cui rientra la chiamata, della data, dell’ora, del numero chiamato con le ultime cifre asteriscate, della fascia tariffaria, della durata e del costo.\r\n\r\nLa documentazione dei consumi è disponibile in due modalità:\r\n\r\nintegrale, in cui sono riportate tutte le telefonate\r\nsuperiore a 26 cent, elenca solo le telefonate con addebito superiore a questo importo.\r\n', 'Q: Come aderire alla documentazione consumi:Q Q: Documentazione online dei consumi:Q ', 'A: Per richiedere la documentazione dei consumi puoi:\r\n\r\nAccedere alla sezione MyTIM Fisso e attivare l''opzione "Documentazione consumi";\r\nChiamare gratuitamente il Servizio Clienti Linea Fissa 187.\r\nLa documentazione dei consumi di tutte le tue telefonate è disponibile gratuitamente e senza necessità di alcuna specifica richiesta anche online su questo sito.:A A: Cos''è\r\nAderendo a "Il mio conto" ricevi ogni mese, gratuitamente, la documentazione dei consumi per avere il dettaglio delle telefonate effettuate e dei servizi utilizzati. Il servizio riporta tutte le chiamate effettuate dalla tua linea telefonica con l’indicazione del tipo chiamata (es. locale, interurbana, ecc.) dell’offerta in cui rientra la chiamata, della data, dell’ora, del numero chiamato con le ultime cifre asteriscate, della fascia tariffaria, della durata e del costo.\r\nCome aderire\r\nVisualizzare la documentazione dei consumi online è molto semplice. Basta accedere alla sezione MyTIM Fisso  >  Il mio conto - Elenco fatture e cliccare su Visualizza e poi su Documentazione Consumi.\r\nSe già ricevi la documentazione cartacea dei consumi, puoi scegliere di recedere da questo servizio accedendo da MyTIM Fisso alla voce di menu  La mia linea > Riepilogo e modificando l’opzione “Documentazione consumi”. Comunque, avrai a tua disposizione la visualizzazione online dei tuoi consumi.\r\nI vantaggi\r\nTanti i vantaggi offerti dal servizio:\r\nhai sempre online il dettaglio delle chiamate degli ultimi 5 mesi con possibilità di visualizzarli e di salvarli sul tuo PC.:A', 3, 1),
(50, 'Domiciliare la fattura mobile ', 'Scegliendo la domiciliazione su conto corrente l''addebito della fattura avviene direttamente sul conto corrente bancario o postale.\r\n\r\nIn questo modo non hai più l''esigenza di memorizzare le scadenze dei pagamenti, che vengono effettuati senza ritardo.\r\n\r\nNaturalmente la fattura della linea mobile ti viene inviata e/o messa a disposizione sul web in MyTIM Mobile con un congruo anticipo rispetto alla scadenza, così hai la possibilità di effettuare le dovute verifiche e, se necessario, chiedere alla tua banca o agenzia postale la sospensione del pagamento qualora ci fossero delle incongruenze. L''addebito viene effettuato l''ultimo giorno utile per il pagamento. Hai comunque la facoltà di stornare un addebito domiciliato entro 8 settimane da quando è stato effettuato.\r\n\r\nSe sei titolare di un conto corrente bancario o postale puoi compilare ed inviare direttamente online il modulo di autorizzazione permanente di addebito in conto. Puoi farlo nella sezione “Moduli”, selezionando “Clienti con Abbonamento” e premendo il pulsante “COMPILA” in corrispondenza  della voce “Richiesta Domiciliazione Bancaria”\r\n\r\nIn alternativa puoi scaricare la versione pdf dello stesso modulo “Richiesta Domiciliazione Bancaria” che, compilato e firmato, dovrà essere spedito in busta chiusa al seguente indirizzo:\r\n\r\nTelecom Italia S.p.A. c/o ABRAMO COSTUMER CARE \r\ncasella postale 500 - 88900 Crotone.\r\n ', 'Q: Come posso modificare la domiciliazione bancaria della mia fattura mobile?:Q ', 'A: Se vuoi modificare il conto corrente bancario di appoggio per il pagamento ricorrente delle tue fatture mobili è necessario seguire le seguenti indicazioni:\r\n\r\n1- inoltrare la richiesta di revoca della domiciliazione bancaria attualmente in essere, compilando ed inviando direttamente online l’apposito modulo disponibile nella sezione MODULI sotto la voce “clienti con abbonamento”. Il modulo può in alternativa essere scaricato in formato pdf ed inviato tramite posta.\r\n2- inoltrare la nuova richiesta di domiciliazione bancaria completa dei nuovi dati bancari seguendo le indicazioni sopra descritte per l’attivazione della domiciliazione bancaria.:A ', 3, 1);

-- --------------------------------------------------------

--
-- Struttura della tabella `categorieassistenza`
--

CREATE TABLE `categorieassistenza` (
  `idcategoria` int(11) NOT NULL,
  `nomecategoria` varchar(255) COLLATE utf8_bin DEFAULT NULL,
  `fotocategoria` varchar(30) COLLATE utf8_bin NOT NULL,
  `descrizionecategoria` mediumtext COLLATE utf8_bin NOT NULL
) ENGINE=InnoDB DEFAULT CHARSET=utf8 COLLATE=utf8_bin;

--
-- Dump dei dati per la tabella `categorieassistenza`
--

INSERT INTO `categorieassistenza` (`idcategoria`, `nomecategoria`, `fotocategoria`, `descrizionecategoria`) VALUES
(1, 'Gestione Linea e Servizi', 'gestionelinea.png', 'Tutto per la gestione di linea fissa e mobile per te.\n'),
(2, 'Supporto Tecnico', 'supportotecnico.png', 'Problemi di configurazione e installazione? non più!\n'),
(3, 'Controllo Costi', 'controllocosti.png', 'Tutto ciò che devi sapere per monitorare i tuoi dati.\n'),
(4, 'SmartLife', 'salute.png', 'Risolvi i tuoi dubbi sui nostri servizi smart life!'),
(5, 'Highlights', 'promotions.png', 'Le domande più frequenti sui servizi TIM.\r\n');

-- --------------------------------------------------------

--
-- Struttura della tabella `categorieprodotti`
--

CREATE TABLE `categorieprodotti` (
  `idcategoria` int(11) NOT NULL,
  `nomecategoria` varchar(30) COLLATE utf8_bin NOT NULL
) ENGINE=InnoDB DEFAULT CHARSET=utf8 COLLATE=utf8_bin;

--
-- Dump dei dati per la tabella `categorieprodotti`
--

INSERT INTO `categorieprodotti` (`idcategoria`, `nomecategoria`) VALUES
(1, 'Smartphone e Telefoni'),
(2, 'Tablet e Computer'),
(3, 'Modem e Networking'),
(4, 'Tv e Smart Living'),
(5, 'Promotions');

-- --------------------------------------------------------

--
-- Struttura della tabella `categoriesmartlife`
--

CREATE TABLE `categoriesmartlife` (
  `idcategoria` int(11) NOT NULL,
  `nomecategoria` varchar(30) COLLATE utf8_bin NOT NULL
) ENGINE=InnoDB DEFAULT CHARSET=utf8 COLLATE=utf8_bin;

--
-- Dump dei dati per la tabella `categoriesmartlife`
--

INSERT INTO `categoriesmartlife` (`idcategoria`, `nomecategoria`) VALUES
(1, 'TV e Entertainment'),
(2, 'Salute e Benessere'),
(3, 'Casa e Famiglia'),
(4, 'Servizi alla Persona'),
(5, 'Promotions');

-- --------------------------------------------------------

--
-- Struttura della tabella `classi`
--

CREATE TABLE `classi` (
  `idclasse` tinyint(1) NOT NULL,
  `nomeclasse` varchar(16) COLLATE utf8_bin NOT NULL
) ENGINE=InnoDB DEFAULT CHARSET=utf8 COLLATE=utf8_bin;

--
-- Dump dei dati per la tabella `classi`
--

INSERT INTO `classi` (`idclasse`, `nomeclasse`) VALUES
(1, 'prodotti'),
(2, 'smartlife'),
(3, 'assistenza'),
(4, 'chisiamo');

-- --------------------------------------------------------

--
-- Struttura della tabella `prodotti`
--

CREATE TABLE `prodotti` (
  `idprodotto` int(11) NOT NULL,
  `nomeprodotto` varchar(45) COLLATE utf8_bin DEFAULT NULL,
  `fotoprodotto` varchar(30) COLLATE utf8_bin NOT NULL,
  `prezzoprodotto` int(11) NOT NULL,
  `descrizioneprodotto` mediumtext COLLATE utf8_bin NOT NULL,
  `tecnologia` varchar(64) COLLATE utf8_bin DEFAULT NULL,
  `connettivita` varchar(64) COLLATE utf8_bin DEFAULT NULL,
  `gps` varchar(16) COLLATE utf8_bin DEFAULT NULL,
  `display` varchar(64) COLLATE utf8_bin DEFAULT NULL,
  `processore` varchar(64) COLLATE utf8_bin DEFAULT NULL,
  `memoria` varchar(64) COLLATE utf8_bin DEFAULT NULL,
  `fotocamera` varchar(64) COLLATE utf8_bin DEFAULT NULL,
  `sim` varchar(16) COLLATE utf8_bin DEFAULT NULL,
  `audio` varchar(16) COLLATE utf8_bin DEFAULT NULL,
  `video` varchar(64) COLLATE utf8_bin DEFAULT NULL,
  `dimensioni` varchar(24) COLLATE utf8_bin DEFAULT NULL,
  `peso` varchar(10) COLLATE utf8_bin DEFAULT NULL,
  `promotionprodotto` tinyint(1) NOT NULL DEFAULT '0',
  `idcategoria` int(11) NOT NULL
) ENGINE=InnoDB DEFAULT CHARSET=utf8 COLLATE=utf8_bin;

--
-- Dump dei dati per la tabella `prodotti`
--

INSERT INTO `prodotti` (`idprodotto`, `nomeprodotto`, `fotoprodotto`, `prezzoprodotto`, `descrizioneprodotto`, `tecnologia`, `connettivita`, `gps`, `display`, `processore`, `memoria`, `fotocamera`, `sim`, `audio`, `video`, `dimensioni`, `peso`, `promotionprodotto`, `idcategoria`) VALUES
(1, 'iPhone 6s 16gb', 'iphone6s.jpg', 789, 'Display Retina HD da 4,7" con 3D Touch. Alluminio serie 7000 e vetro più resistente. Chip A9 con architettura a 64 bit di livello desktop. Nuova fotocamera iSight da 12MP con Live Photos. Touch ID. Connessioni Wi-Fi e 4G LTE piu? veloci.1 Batteria a lunga durata.2 E ancora, iOS 9 e iCloud. Il tutto in un elegante guscio unibody.\n', 'iOS 9 e iCloud', '4G LTE Advanced1 e Wi-Fi 802.11a/b/g/n/ac con tecnologia MIMO', 'si', 'Display Retina HD da 4,7" (diagonale) con risoluzione di 1334x75', 'Chip A9 con coprocessore di movimento M9 integrat', '16 GB', 'Fotocamera iSight da 12 megapixel con Focus Pixels, True Tone Fl', NULL, NULL, 'Registrazione video 4K a 30 fps, moviola (1080p) a 120 fps, Vide', '138,3 mm, 67,1 mm, 7,1 m', '143 g', 1, 1),
(2, 'Nokia Lumia 950', 'lumis.jpg', 500, 'Funzionalità di livello superiore, design eccellente e la migliore esperienza con Windows 10: scegli Lumia 950 e trasforma un momento qualsiasi in una grande conquista.\r\n', '\r\n4G cat.6/HSDPA 42/UMTS/EDGE/GPRS Frequenze 850/900/1800/1900', 'Wi-Fi - Bluetooth - Micro USB - NFC ', 'Integrato', '5.2” 16 Milioni colori Touch', 'HexaCore 1.8 GHz', '32 GB', '20 Mpixel/Flash', 'Micro SD fino a ', 'MP3 Player', 'Video Recorder&Playback', '45x73,2x8,25 mm\r\n\r\n', '\r\n150 gram', 0, 1),
(3, 'LG G5', 'lg.jpg', 600, 'Il nuovo LG G5 è uno nuovo tipo di smartphone che supera tutti i limiti, con un design modulare completamete in metallo che rivoluziona i canoni di design. Espandi le funzioni, interagisci con gli innovativi LG Friends e prova un''esperienza smartphone realmente innovativa. La rivoluzione di G5 continua con la doppia fotocamera grandangolare, che cattura più di quanto i tuoi occhi riescano a vedere. Anche sotto il sole, perché il nuovo display IPS Quantum è più ricco, luminoso e colorato anche sotto la luce diretta del sole. E ti mostra sempre le notifiche principali anche quando non è attivo. Nuovo LG G5: quello che non ti aspetti, nel palmo della tua mano.', '4G cat.6/HSDPA42/UMTS/EDGE/GPRS  Frequenze 850/900/1800/1900/210', 'Wi-Fi - Bluetooth – Infrarosso - USB tipo C – NFC', 'integrato', '5.3” 16 Milioni colori Touch', 'Processore Snapdragon™ 820 QuadCore 2.15 GHz - 4G LTE', '32GB\r\nSlot Memory Card Micro SD fino a 2TB', '2 Fotocamere Posteriori da 16 Mpxl con flash e Fotocamera fronta', 'Nano', 'MP3 Player', 'Video Recorder&Playback', '149,4x73,9x7,3 mm\r\n\r\n', '159 g', 0, 1),
(4, 'Samsung Galaxy S6', 'samsungs6.jpg', 639, 'Traendo ispirazione dagli artisti della forma, come i mastri vetrai ed i fabbri di bottega, Samsung Galaxy S6 è il perfetto incontro di materiali finemente forgiati tra loro. Una rivelazione senza precedenti fatta non solo di straordinaria forma e dalle superfici lucenti, ma anche di eccellente sostanza con un ampio spettro di colori ancora più vibranti.', '4G cat.6/HSDPA42/UMTS/EDGE/GPRS Frequenze 850/900/1800/1900/2100', 'Wi-Fi - Bluetooth - Micro USB - NFC', 'Integrato', '5.7” 16 Milioni colori Touch', 'OctaCore: (QuadCore 2.1 Ghz+QuadCore 1.5 Ghz)', '32GB', '16 Mpixel/Flash', 'Nano', 'MP3 Player', 'Video Recorder&Playback', '154,4x75,8x6,9 mm', '153 gr', 0, 1),
(5, 'Sony Xperia', 'sony.jpg', 629, 'Uno smartphone dalle prestazioni inimitabili che integra una sensazionale fotocamera in grado di predire il prossimo movimento del soggetto..', 'Abilitato tecnologia 4G/HSDPA 42/UMTS/EDGE/GPRS Frequenze 850/90', 'Wi-Fi - Bluetooth - Micro USB - NFC', 'Integrato', 'Full HD da 5” 1080p, Display TRILUMINOS', 'Processore Qualcomm® Snapdragon™ 650 Hexa-Core (1.8 GHz + 1.4 GH', 'Interna 3GB - Slot Memory Card Micro SD fino a 200GB', 'Posteriore da 23 Mpixel Exmor, Anteriore da 13 Mpxl', 'Nano', 'MP3 Player - Rad', 'Video Recorder&Playback', '143,7 x 70,5 x 8,6 mm', '165 gr', 1, 1),
(6, 'Huawei P9', 'huaweip9.jpg', 600, 'Huawei P9 presenta un design con linee dal forte impatto visivo, caratterizzate da spigoli tagliati a diamante e arrotondati a regola d’arte. Lo smartphone ha una struttura unibody in alluminio aerospaziale e vetro 2.5D di categoria superiore, ed è disponibile in due varianti cromatiche: Titanium Grey e Mystic Silver.', 'Abilitato tecnologia 4GPlus/4G/HSDPA 42/UMTS/EDGE/GPRS Frequenze', '4G cat.6/HSDPA42/UMTS/EDGE/GPRS Frequenze 850/900/1800/1900/2100', 'GPS Integrato', 'Display IPS Full HD da 5.2’’', 'Processore Kirin 955 - Octa-Core (4x2,5 GHz + 4x1,8 GHz)', '32GB', NULL, 'Nano', '', NULL, '145 x 70,9 x 6,95 mm', '144 gr', 0, 1),
(7, 'LG K8', 'lgk8.jpg', 180, 'La nuova serie K di LG ti offre una gamma di smartphone che rispecchiano la tua personalità. LG K8 ti accompagna nei tuoi viaggi e ti sorprenderà con selfie dettagliati tutti da condividere con la velocità della rete 4G LTE', '4G cat.4/HSDPA42/UMTS/EDGE/GPRS Frequenze 850/900/1800/1900/2', 'Wi-Fi - Bluetooth - Micro USB - NFC', 'Integrato', '5” 16 Milioni colori Touch', 'Processore QuadCore 1.3 GHz', '8GB con Slot Memory Card Micro SD fino a 32GB', 'Posteriore da 8 Mpxl con flash', 'Nano-sim', 'Video Recorder&P', 'MP3 Player - Radio FM', '144,6x71,5x8,7 mm', '142 gr.', 0, 1),
(8, 'TIM Facile', 'timfacile.jpg', 40, 'Il Cordless all''avanguardia, ma FACILE da usare\r\n\r\nFACILE MAXI è un cordless, pratico, funzionale ed elegante dalle ottime prestazioni.\r\n\r\nIl suo display da 1,8" ad alto contrasto con caratteri grandi garantisce una leggibilità ottimale; la tastiera ampia con tasti ben distanziati e illuminati facilita la composizione dei numeri; l''audio è chiaro e nitido, anche in vivavoce.\r\n\r\nFACILE MAXI rispetta l''ambiente e consente un risparmio di energia del 60% rispetto a un cordless analogo di generazione precedente, il consumo della base in stand by è inferiore a 0,7W.', 'cordless DECT-GAP: sistema ad alta efficienza energetica, rispar', NULL, NULL, 'da 1,8'''' grafico illuminato bianco, 96X64 px, con data e ora', NULL, 'la rubrica può memorizzare fino a 150 numeri e nomi', NULL, NULL, 'ampia scelta tra', NULL, '\r\nportatile: 157 x 51 x ', 'base: 198 ', 1, 1),
(9, 'Huawei P9 Plus', 'huawei.jpg', 750, 'L’esperienza di Huawei P9 si eleva ad un livello superiore con Huawei P9 Plus grazie al luminoso display da 5.5” e l’elegante corpo in metallo. Grazie al perfetto connubio tra hardware e software di classe superiore della doppia fotocamera Leica, P9 Plus consente di catturare immagini di assoluta qualità senza rinunciare al design compatto ed elegante.', '4G cat.6/HSPA+/EDGE/GPRS Frequenze 850/900/1800/1900Wi-Fi 802.11', NULL, 'GPS Integrato, A', 'Display Full HD Amoled da 5.5’’’', 'Processore Kirin 955 - Octa-Core (4x2,5 GHz + 4x1,8 GHz)', '64GB, Micro SD fino a 128 GB', 'Doppia Fotocamera Leica da 12 Mpxl Dual Flash + anteriore da 8 M', NULL, NULL, NULL, '152.3 x 75.3 x 6.98 mm', '162 grammi', 0, 1),
(10, 'iPhone SE', 'iphonese.jpg', 500, 'Il telefono da 4" più potente di sempre. iPhone SE riprende un design compatto di grande successo aggiungendovi due fotocamere evolute e una potenza di elaborazione incredibile.Disegnato per stare comodamente in mano e risultare piacevole al tatto, grazie alla finitura satinata del guscio in alluminio microsabbiato.\r\n\r\niPhone SE ha un display Retina da 4’’, chip A9 con archittetura a 64 bit di livello desktop, sensore di impronte digitali Touch ID, fotocamera iSight da 12MP, videocamera FaceTime HD con Retina flash, Live Photos e connessioni Wi-Fi e 4G veloci. E ancora, iOS 9 e iCloud.', 'sistema: iOS 9 e iCloud', '4G LTE', 'Integrato', 'Display Retina da 4" con risoluzione di 1136x640 pixel\r\n\r\n', 'Chip A9 con architettura a 64 bit, Coprocessore di movimento M9 ', 'interna 64 GB', '\r\nFotocamera iSight da 12MP con Focus Pixels e flash True Tone ', NULL, NULL, 'Registrazione video 4K a 30fps, moviola a 240 fps, FaceTime HD', NULL, NULL, 0, 1),
(11, 'ZTE Blade', 'zte.jpg', 80, 'Solo TIM ti regala la SIM-Plus di TIM con 128 Kbyte di memoria. L’unica card che ti permette di sfruttare tutte le potenzialità del tuo telefonino GSM e UMTS offrendoti i servizi più evoluti ed innovativi.', 'Sistema Operativo Android 5.1', 'HSDPA21/UMTS/EDGE/GPRS - Wi-Fi - Bluetooth - Micro USB - Ricevit', 'Integrato', '5” 16 Milioni colori Touch', 'DualCore 1.3 GHz', '8GB - Slot Memory Card Micro SD fino a 32GB', '8 Mpixel/Flash', 'Nano', 'MP3 Player - Rad', 'Video Recorder&Playback ', '143,5 x 71,8 x 8,6 mm', '\r\n142 gr.', 0, 1),
(12, 'Samsung Galaxy S6 Edge', 's6edge.jpg', 640, 'Traendo ispirazione dagli artisti della forma, come i mastri vetrai ed i fabbri di bottega, Samsung Galaxy S6 è il perfetto incontro di materiali finemente forgiati tra loro. Una rivelazione senza precedenti fatta non solo di straordinaria forma e dalle superfici lucenti, ma anche di eccellente sostanza con un ampio spettro di colori ancora più vibranti.', '4GPLUS con Sistema Operativo Android 5.', 'Wi-Fi - Bluetooth - Micro USB - NFC', NULL, '5.7” 16 Milioni colori Touch', 'OctaCore: (QuadCore 2.1 Ghz+QuadCore 1.5 Ghz)', NULL, NULL, NULL, NULL, NULL, NULL, NULL, 0, 1),
(13, 'Samsung Galaxy S7', 'samsungs7.jpg', 830, 'Solo TIM ti regala la SIM-Plus di TIM con 128 Kbyte di memoria. L’unica card che ti permette di sfruttare tutte le potenzialità del tuo telefonino GSM e UMTS offrendoti i servizi più evoluti ed innovativi.', '4G cat.9/HSDPA42/UMTS/EDGE/GPRS Frequenze 850/900/1800/1900/2100', 'Wi-Fi - Bluetooth - Micro USB - NFC', NULL, '5.1” 16 Milioni colori Touch', 'OctaCore (QuadCore 2.3GHZ+QuadCore 1.6GHZ)', NULL, NULL, NULL, NULL, 'Video Recorder&Playback', NULL, NULL, 1, 1),
(14, 'Huawei MateS', 'huaweimt.jpg', 500, 'Huawei Mate S apre un nuovo mondo di illimitate possibilità in grado di rivoluzionare le nostre vite con un mix perfetto di design ricercato e straordinaria interattività', 'Sistema Operativo Android 6.0', 'LTE,4G, Wi-fi, bte ', 'Integrato', NULL, 'OctaCore: (QuadCore 2.1 Ghz+QuadCore 1.5 Ghz)', NULL, NULL, NULL, NULL, NULL, NULL, NULL, 0, 1),
(15, 'iPad Pro', 'ipadpro.jpg', 840, 'iPad Pro 9,7” è un concentrato mai visto di portatilità e prestazioni. È spesso solo 6,1 millimetri e pesa meno di 500 grammi, ma ha il display Retina più luminoso ed evoluto di sempre: con i suoi sensori True Tone si adegua alla luce ambientale, così gli occhi non si affaticano. In più hai il potente chip A9X a 64 bit di livello desktop, audio a quattro altoparlanti, fotocamera iSight e videocamera FaceTime HD, sensore di impronte digitali Touch ID, connessioni ultraveloci su Wi-Fi e 4G LTE e fino a 10 ore di autonomia.2 Advanced,1 ancora di più? Aggiungi l’ultraprecisa Apple Pencil e la Smart Keyboard, e iPad Pro ti diventerà ancora più indispensabile.', 'Sistema Operativo iOS 9 con sensori di impronte digitali Touch I', '4G LTE Advanced1, Wi-Fi 802.11ac con tecnologia MIMO', NULL, 'Retina Display 9,7” (diagonale) con True Tone e rivestimento ant', 'Chip A9X di terza generazione con architettura a 64 bit di livel', NULL, 'iSight da 12MP con video a 4K\r\n', NULL, NULL, 'FaceTime HD (foto da 5MP)', NULL, NULL, 0, 2),
(16, 'Galaxy Tab', 'galaxytab.jpg', 300, 'Lo stile essenziale e la cornice metallizzata esaltano il nuovo formato 4:3, donando a Galaxy TAB A un look moderno e sofisticato, garantendo la massima maneggevolezza grazie ai 7,5 millimetri di spessore e solo 456 grammi di peso.', 'Sistema Operativo Android™ 4.4.2 KitKat', 'LTE /HSDPA 42.2/HSUPA 5.76/, Wi-Fi 802.11 a/b/g/n, Bluetooth 4.0', NULL, '8" (1280x800) 16M di colori', 'Snapdragon 400 Quad-Core 1.2 GHz', '16GB (espandibile fino a 64GB)', '2 Fotocamera da 3.2 Mpx e 1.3 Mpx', NULL, NULL, NULL, NULL, NULL, 1, 2),
(17, 'Huawei Mediapad', 'huaweimediapad.jpg', 250, 'Scopri con TIM Internet 4G e preparati a volare sul web con il tuo Smartphone LTE. Grazie alla nuova tecnologia LTE (Long Term Evolution) navigherai in mobilità rapidamente, con fluidità e prestazioni affidabili.', NULL, '', NULL, '8" (1280x800) 16M di colori', 'Snapdragon 400 Quad-Core 1.2 GHz', '\r\n16GB (espandibile fino a 64GB)', '13Mpx', NULL, NULL, NULL, '209.8x123.8x7.9mm', '310 grammi', 0, 2),
(18, 'iPad mini', 'ipadmini.jpg', 530, 'A vederlo sembra davvero piccolo, ma è pronto a stupirti con prestazioni eccezionali: il nuovo iPad mini 4, più sottile e leggero che mai, ha tutta la potenza che ti serve per fare grandi cose.', 'Sistema Operativo iOS 8', 'Wi-Fi 802.11n con tecnologia MIMO + Cellular - 4G LTE più veloce', NULL, 'Retina da 7,9" (diagonale)', 'Chip A7', NULL, 'Fotocamera iSight da 5MP', NULL, NULL, NULL, NULL, NULL, 1, 2),
(19, 'Samsung Galaxy Tab 4', 'galaxytab4.jpg', 200, 'Funzione Multischermo puoi aprire due finestre simultaneamente. Display 8" con risoluzione WXGA per colori brillanti ed in alta definizione. Design e maneggevolezza, una cover soft feel e dettagli ricercati', 'Sistema Operativo iOS 8', 'Wi-Fi 802.11n con tecnologia MIMO + Cellular - 4G LTE più veloce', NULL, 'Retina da 7,9" (diagonale)', 'Chip A7', NULL, 'iSight da 5MP - Videocamera FaceTimeHD', NULL, NULL, NULL, NULL, NULL, 0, 2),
(20, 'Acer ICONIA', 'iconia.jpg', 300, 'Acquista o regala un nuovo tablet 3G commercializzato da TIM hai inclusi per 30 giorni 20GB di traffico Internet per navigare e 10GB di spazio su TIM Cloud per salvare in automatico la tua rubrica e le tue foto. \r\n\r\nLa promozione è completamente gratuita e non devi sostenere alcun costo di attivazione. ', 'Sistema Operativo Windows 8.1 + Office Home & Students 2013', 'HSDPA 21.2/HSUPA 5,76/,Wi-Fi Direct 802.11 a/b/g/n, Bluetooth 4.', NULL, '8" (1280x800) IPS', 'Intel Atom Quad-Core 1.8GHz', '32GB, 2GB RAM', NULL, NULL, NULL, NULL, '218.9 x 134.9 x 10.75 mm', '420 grammi', 0, 2),
(21, 'Alcatel ONE TOUCH', 'alcatel.jpg', 100, 'Samsung Galaxy Note 10.1" 4G amplia, con connettività 4G LTE, la gamma dei tablet con schermo 10.1'''' permettendo di condividere foto e video ancora più velocemente. Si evidenzia anche un chipset Quad-core da 1.4 GHz , fotocamera posteriore da 5.0 Mpixel con flash led, utilizza micro-SIM (formato 3FF) ed è caratterizzato dal Sistema Operativo Android 4.1.2 (Jelly Bean) presentando al suo interno l''integrazione del Google Mobile Suite, oltre che una serie di applicativi specifici Samsung per esaltare l''efficienza e la praticità della S Pen integrata nella scocca. Il tablet è un dispositivo all''ultimo grido per connettività (tra DLNA e Bluetooth 4) e versatilità, con uno slot per schede microSD e interfaccia a infrarossi per controllare i dispositivi di casa.', 'Sistema Operativo Android 4.2 JB', 'HSDPA 21 Mbps /HSUPA, Wi-Fi 802.11b/g/n, Bluetooth 4.0', NULL, '7" (1024x600) 16M di colori', 'MT8312 DualCore da 1.3 GHz', '4GB (espandibile fino a 32GB)', '2 Megapixel e 0.3 Mpx frontale', NULL, NULL, NULL, NULL, NULL, 1, 2),
(22, 'ZyXel Repeater', 'repeater.jpg', 50, 'ZyXEL WRE6505 Wireless AC750 Range Extender consente di estendere facilmente reti esistenti wireless 802.11 b / g / n / ac in modo facile e veloce. Basta collegare il Repeater direttamente alla presa di corrente e l''indicatore di potenza del segnale LED consente di determinare la posizione di installazione ideale. Il one-click Wi-Fi Protected Setup (WPS Button a pagina 12), prevede l''installazione del client wireless senza frustrazione e completa in pochi passi la configurazione di accesso alla rete.', 'Wi-Fi b/g/n a 2.4 GHz con velocità di trasmissione fino a 300 Mb', 'Associazione al modem ADSL in modalità WPS, Facile estensione pe', NULL, NULL, NULL, NULL, NULL, NULL, NULL, NULL, NULL, NULL, 0, 3),
(23, 'AVM', 'avmrepeater.jpg', 90, 'Con il nuovo FRITZ!WLAN Repeater 1750E si estende la portata delle reti wireless esistenti, creando connessioni veloci e stabili che arrivano a 1300 Mbit/s con lo standard AC sulla banda di frequenza da 5 GHz e a 450 Mbit/s con lo standard N su quella da 2,4 GHz.', 'Compatibile con tutti i modem Wi-Fi (anche mobile)\r\nFacile da in', 'Supporto reti Wi-Fi, fino a 1750 Mbps a 2.4 e 5 GHz (dual band, ', NULL, NULL, NULL, NULL, NULL, NULL, NULL, NULL, '(L x H x P): circa 76,5 ', NULL, 0, 3),
(24, 'Modem ADSL', 'modemtim.jpg', 70, 'Navigazione veloce e senza fili\r\n\r\nCon il Modem ADSL Wi-Fi navighi ad alta velocità e senza fili, utilizzando l''interfaccia Wi-Fi o attraverso le 4 porte Ethernet.\r\n\r\nNavigazione più veloce grazie alla tecnologia senza fili Wi-Fi e migliore copertura della rete Wi-Fi della tua abitazione(1).\r\nProtezione: la cifratura WPA e WPA2 impedisce l’accesso ai non autorizzati alla rete Wi-Fi. Disponibili anche funzionalità avanzate come il filtro degli indirizzi MAC ed il firewall integrato.\r\nTutta la famiglia connessa: collega tutti i PC, smartphone e tablet al nuovo modem ADSL Wi-Fi e inoltre condividi Hard Disk e stampanti collegati alla porta USB del modem.\r\nInstallazione no problem: il modem si configura automaticamente sulla tua linea ADSL, senza installare software.\r\nRisparmia sulla bolletta elettrica: il nuovo modem, rispetto ad un prodotto Telecom Italia di generazione precedente con le stesse funzionalità, consente di risparmiare fino al 40% di energia elettrica su un utilizzo medio annuo (2).\r\nIl Modem Wi-Fi opera solo su linea ADSL di Telecom Italia ed è compatibile con i principali sistemi operativi (Windows 7, Vista, XP - MacOS 10.3).', '\r\nADSL/ADSL2+; velocità fino a 20 Mbps down/1 Mbps up con Interf', 'Wi-Fi 802.11 b/g/n; velocità di trasferimento fino a 300Mbps\r\n\r\n', NULL, NULL, NULL, 'Funzionalità di routing avanzate (DHCP server, NAT, NAPT, Virtua', NULL, NULL, NULL, NULL, NULL, NULL, 1, 3),
(25, 'Powerline Adapter', 'powerline.png', 50, 'Colleghi PC, modem e console sfruttando la rete elettrica\r\n\r\nVuoi trasformare la rete elettrica di casa tua in una rete per navigare e trasmettere, dove il wi-fi non arriva, dati in formato digitale?\r\n\r\nCon Powerline Adpter puoi farlo.\r\n\r\nColleghi tra loro PC, modem e console senza problemi di copertura, distanza, né cablaggi: ti basta inserire Powerline Adapter nelle prese elettriche per creare una rete domestica che connette i vari apparati, con prestazioni fino a 200 Mbps.\r\n\r\nE la riservatezza dei dati che trasmetti e ricevi è garantita mediante un sistema di crittografia.\r\n\r\nAcquista Powerline Adapter in coppia direttamente su questo sito. Lo riceverai a casa tua in consegna gratuita.', 'bridge di rete RJ-45 su linea elettrica con 1 porta Ethernet RJ-', 'fino a 100Mbps sulla porta Ethernet e 200Mbps sulla rete elettri', NULL, NULL, NULL, NULL, NULL, NULL, NULL, NULL, NULL, NULL, 1, 3),
(26, 'Repeater ZyXEL N300', 'repeaterz.jpg', 40, 'Estendi con facilità la tua rete Wi-Fi di casa con il repeater N300 di ZyXEL dal design compatto con montaggio a parete e di facile installazione.\r\n\r\nIl prodotto consente di estendere la copertura della rete Wi-Fi del tuo modem all’interno della casa in modo semplice e veloce per qualsiasi rete 802.11b/g/n.\r\n\r\nPer installare il repeater Wi-Fi basta inserirlo in una presa elettrica e premere il tasto WPS, l’apparecchio si collega al modem Wi-Fi di casa, estendendo la copertura della rete senza fili nelle stanze prima non raggiunte.\r\n\r\nCon il LED di indicazione dell’intensità del segnale trasmissivo puoi individuare la migliore posizione in casa per massimizzare l’estensione del segnale Wi-Fi.', 'Wi-Fi b/g/n a 2.4 GHz con velocità 300 Mbps Aggiornamento firmwa', 'Associazione al modem ADSL in modalità WPS', NULL, 'LED Indicatore di intensità del segnale trasmissivo tra repeater', NULL, NULL, NULL, NULL, NULL, NULL, NULL, NULL, 0, 3),
(27, 'TIMTag', 'timtag.jpg', 130, 'TIMTag, il dispositivo che ti informa sulla posizione del tuo amico a quattro zampe e delle cose a te più care. \r\nSegui in tempo reale i suoi spostamenti sul tuo smartphone senza perderlo mai di vista.\r\n\r\nCon TIMTag hai un dispositivo di localizzazione GPS di ultima generazione, un’ App dedicata intuitiva e semplice da utilizzare, inclusi 12 mesi di servizio TIMTag e una TIM Card!\r\nTutto a soli 129€!\r\n', 'L’app TIMTag è compatibile con dispositivi iOS e Android.\r\n\r\nTIM', NULL, NULL, NULL, NULL, NULL, NULL, NULL, NULL, NULL, NULL, NULL, 0, 4),
(28, 'D-Link SmartHome', 'smarthome.jpg', 160, 'Con lo Smart Home HD Starter Kit potrai impostare, controllare, monitorare e automatizzare la tua casa ovunque ti trovi.\r\nNel Kit sono inclusi:\r\n\r\nUn Monitor HD (DCS-935L) \r\nUn Wi-Fi Motion Sensor (DCH-S150)\r\nUna smart plug (DSP-W215) \r\nTramite l''App mydlink Home per smartphone e tablet hai a disposizione il controllo di tutti i dispositivi così da semplificarti la gestione della casa rendendola più sicura e intelligente.', 'Con il Monitor HD, potrai controllare la tua casa in alta defini', 'adsl oppure D-Link Smart Home Starter Kit con una connessione mo', NULL, NULL, NULL, NULL, NULL, NULL, NULL, NULL, NULL, NULL, 0, 4),
(29, 'Watch Sport', 'watchsport.jpg', 370, 'Ogni collezione di Apple Watch è realizzata con leghe speciali, studiate per unire estetica e robustezza. La cassa di Apple Watch Sport è in alluminio anodizzato color argento, grigio siderale, oro oppure oro rosa, mentre nei modelli Apple Watch è in acciaio inossidabile colore naturale o nero siderale. La cassa è disponibile in due misure: 38 mm e 42 mm. Abbiamo anche creato una gamma di cinturini intercambiabili in materiali esclusivi. Apple Watch usa tecnologie rivoluzionarie come la Digital Crown, il Taptic Engine e il Force Touch. E grazie a una batteria che dura fino a 18 ore, puoi usarlo tutto il giorno.*\r\n\r\n \r\n\r\n\r\n', 'Cardiofrequenzimetro\r\nAccelerometro\r\nGiroscopio\r\nSensore di luce', 'Wi-Fi (802.11b/g/n a 2,4GHz)\r\nBluetooth 4.0', NULL, 'Vetro Ion-X\r\nDisplay Retina con Force Touch', NULL, NULL, NULL, NULL, NULL, NULL, NULL, NULL, 1, 4),
(30, 'Nokia Cassa MD', 'nokiamd.png', 50, 'Speaker bluetooth Nokia MD-12 colore bianco. NFC. Ascoltare la tua musica preferita è ora più semplice chemai. Con il suo design ultra - compatto ed una vasta gamma di bellissimi colori , MD -12 è abbastanza piccoloda stare in tasca. Grande esperienza bassi. Non lasciate che la sua piccola dimensione vi inganni . Questopiccolo altoparlante dispone di un grande carico di energia . Progettato con le ultime tecnologie , MD -12 èstato progettato con un attuatore integrato, creando un grande effetto dei bassi quando è impostato su quasiqualsiasi superficie . La durata della batteria superiore per un più divertente ascolto. Con NFC incluso , bastatoccare il tuo telefono cellulare abilitato NFC al diffusore e siete a posto. Oppure utilizzare il Bluetooth edascoltate in streaming i propri brani in modalità wireless e ballate tutta la notte con 15 ore di riproduzionemusicale garantite.\r\n', 'Diffusore da interno/esterno in plastic, Fino a 15 ore di riprod', 'NFC incluso, Wireless altoparlanti frontali laterali', NULL, NULL, NULL, NULL, NULL, NULL, NULL, NULL, NULL, NULL, 0, 4),
(31, 'Beats Solo2 On-Ear', 'beatssolo2.jpg', 200, 'Audio potenziato con la nuova qualità sonora Beats, il suono delle cuffie Solo2 è più nitido e più pulito e sprigiona una più vasta gamma di emozioni. Le cuffie Solo2 offrono un''ampia gamma di frequenze alte e bassi profondi per un''esperienza di ascolto equilibrata per tutti i generi musicali.\r\n\r\nVestibilità e stile: comfort, durevolezza e stile. Padiglioni curvati di 15 gradi per un comfort prolungato; la flessibilità rotazionale consente ai padiglioni di flettersi per una vestibilità ancor più personalizzata', 'Cavo RemoteTalk™', NULL, NULL, NULL, NULL, NULL, NULL, NULL, NULL, NULL, '156 mm (larghezza)\r\n\r\n', '205 gr.', 0, 4),
(32, 'Videocamera D-Link', 'dlinkfissa.jpg', 80, 'La Videocamera fissa Cloud Wireless N di D-Link (DCS-942L) è una soluzione versatile per monitorare la casa o il piccolo ufficio 24 ore al giorno; dotata di LED a infrarossi permette di vedere anche in assenza di luce.\r\n\r\nSi collega alla rete Wi-Fi dell''utente e trasmette immagini video di alta qualità per il monitoraggio di casa e ufficio anche in condizioni di totale oscurità.\r\n\r\nNessun abbonamento o sottoscrizione di un piano tariffario\r\nServizio gratuito PER SEMPRE\r\nVisualizzazione da smartphone o tablet delle immagini riprese dalle videocamere\r\nNotifiche push instantanee sull''APP se la videocamera rileva un''intrusione\r\nE'' dotata di slot per MicroSD card e di una MicroSD card da 16GB inclusa per lo storage on-board delle registrazioni.', 'Tecnologia wireless N con Sensore PIR', 'Tecnologia Wireless N - Pulsante Wireless security con Wi-Fi Pro', NULL, 'LED InfraRossi per vision notturna fino a 8m', NULL, 'Slot per scheda MicroSD (non inclusa) per storage di registrazio', NULL, NULL, NULL, 'Registrazione Video in definizione VGA (480p) e immagini compres', NULL, NULL, 1, 4),
(33, 'Galaxy Gear S', 'galaxygear.jpg', 350, 'Orologio Multifunzione Intelligente\r\nDisplay 2” curved SuperAMOLED\r\nProcessore DualCore 1GHz\r\nCertificazione IP67', 'Orologio multifunzione Intelligente che lavora a frequenze 2G: 9', 'HSDPA 21Mbps/UMTS/EDGE/GPRS - Wi-Fi - Bluetooth - **Micro USB', NULL, NULL, NULL, '4GB*', NULL, 'Nano', NULL, NULL, '39,9 x 58,1 x 12,5 mm', '84 gr.', 0, 4),
(34, 'Gear Fit', 'gearfit.jpg', 80, 'L''innovativo schermo curvo da 1,84’’ Super AMOLED Touch Screen e i cinturini intercambiabili di Samsung Gear Fit ti rendono cool e a alla moda anche quando ti alleni. Ti offre inoltre una varietà di colori, sfondi e tipologie di orologio che puoi scegliere secondo le tue preferenze. Così puoi personalizzare il tuo look ogni giorno!\r\n\r\nCon Samsung Gear Fit ricevi subito notifiche di Email, SMS, chiamate in arrivo e app così non perdi una notifica per essere sempre in contatto con il tuo mondo. Ma c’è di più, fallo diventare Il tuo Personal Trainer quotidiano! Grazie infatti al sensore di frequenza cardiaca, in modalità allenamento, questo dispositivo ti supporta in tempo reale e ti dà suggerimenti che ti servono durante l''attività fisica per raggiungere i tuoi obiettivi.', 'Accelerometro - Giroscopio - Sensore cardiaco', 'Bluetooth 4.0 - Micro USB', NULL, 'Curvo Touch da 1.84” (risoluzione 128x432) a 16M di colori', NULL, NULL, NULL, NULL, NULL, NULL, '23,4 x 57,4 x 11,95 mm', '27 grammi', 0, 4),
(35, 'Bilancia - iHealth', 'bilancia.png', 120, 'iHEALTH ha sviluppato una linea di prodotti innovativi, per la gestione della salute personale su smartphone o tablet. I prodotti wireless iHealth con connessione bluetooth per iPad, iPhone, iPod e Android consentono di misurare facilmente, memorizzare e condividere immediatamente i risultati con la famiglia o il medico. La potente applicazione iHealth MyVitals permette di gestire tutti i dati relativi alla propria salute con grafici, statistiche e tendenze. Questa applicazione, unica nel suo genere, traccia la relazione tra vari parametri come la pressione sanguigna, il peso, l’apporto calorico e l’attività fisica. Compatibile con tutte le piattaforme Apple e Android. Comprende un servizio gratuito iHealth Cloud.', 'Bilancia digitale di alta qualità\r\nCompatibile con i dispositivi', 'Bluetooth V3.0 + EDR Classe 2 SPP', NULL, NULL, NULL, NULL, NULL, NULL, NULL, NULL, '380 x 310 x 35 mm', '1.5 kg (se', 0, 4),
(36, 'Sony Smart Band', 'smartband.jpg', 50, 'Sensori\r\nEasy Pairing NFC, Accelerometro e Giroscopio\r\n\r\nCompatibilità\r\nDispositivi Android 4.4\r\n\r\nServizi e applicazioni\r\nLifeblog, il tuo diario multimediale personale\r\n\r\nConnettivita\r\nBluetooth 4.0 Low Energy\r\n\r\nDimensioni braccialetto\r\n250 mm\r\n\r\nDimensioni modulo\r\n40,7 x 15,3 x 7,8 mm\r\n\r\nPeso\r\n27 gr.\r\n\r\nBatteria\r\n35mAh\r\n', 'Easy Pairing NFC, Accelerometro e Giroscopio e Lifeblog, il tuo ', 'Bluetooth 4.0 Low Energy', NULL, NULL, NULL, NULL, NULL, NULL, NULL, NULL, 'braccialetto: 250 mm \r\nm', '27 gr.', 1, 4),
(37, 'Philips Friends', 'philips.png', 180, 'Colora il tuo mondo di luce, che siano i colori luminosi del giorno o le sfumature dorate dell''autunno, lo starter kit Philips Friends of hue Bloom bianco ti consente di creare l''illuminazione che desideri tramite smartphone o altri dispositivi.\r\n', NULL, 'wireless, Connessione ZigBee Light', NULL, NULL, NULL, NULL, NULL, NULL, NULL, NULL, '21,8x 22,8x 21,9 cm', '0,840 Kg', 0, 4);

-- --------------------------------------------------------

--
-- Struttura della tabella `prodottoassistenza`
--

CREATE TABLE `prodottoassistenza` (
  `idprodotto` int(11) NOT NULL,
  `idassistenza` int(11) NOT NULL
) ENGINE=InnoDB DEFAULT CHARSET=latin1;

--
-- Dump dei dati per la tabella `prodottoassistenza`
--

INSERT INTO `prodottoassistenza` (`idprodotto`, `idassistenza`) VALUES
(1, 22),
(1, 33),
(2, 6),
(2, 7),
(2, 8),
(3, 6),
(3, 7),
(3, 8),
(4, 6),
(4, 7),
(4, 8),
(5, 6),
(5, 7),
(5, 8),
(6, 22),
(7, 32),
(7, 43),
(7, 44),
(8, 6),
(8, 7),
(9, 6),
(9, 7),
(9, 28),
(10, 28),
(10, 30),
(11, 28),
(11, 30),
(12, 27),
(13, 26),
(13, 28),
(14, 26),
(14, 30),
(15, 28),
(15, 30),
(16, 26),
(16, 30),
(17, 23),
(17, 26),
(18, 26),
(18, 28),
(19, 28),
(19, 30),
(20, 26),
(20, 28),
(21, 26),
(21, 28),
(21, 30),
(22, 1),
(22, 2),
(23, 3),
(23, 4),
(24, 1),
(24, 4),
(24, 21),
(25, 1),
(25, 21),
(25, 42),
(26, 4),
(26, 42),
(26, 46),
(27, 8),
(27, 28),
(27, 35),
(27, 47),
(28, 33),
(28, 34),
(29, 28),
(29, 29),
(30, 28),
(30, 29),
(30, 30),
(31, 28),
(31, 30),
(32, 8),
(32, 29),
(33, 28),
(33, 29),
(34, 29),
(35, 29),
(36, 29),
(37, 29);

-- --------------------------------------------------------

--
-- Struttura della tabella `prodottosmartlife`
--

CREATE TABLE `prodottosmartlife` (
  `idprodotto` int(11) NOT NULL,
  `idsmartlife` int(11) NOT NULL
) ENGINE=InnoDB DEFAULT CHARSET=utf8 COLLATE=utf8_bin;

--
-- Dump dei dati per la tabella `prodottosmartlife`
--

INSERT INTO `prodottosmartlife` (`idprodotto`, `idsmartlife`) VALUES
(1, 1),
(3, 1),
(7, 1),
(17, 1),
(18, 1),
(21, 1),
(37, 1),
(1, 2),
(2, 2),
(7, 2),
(15, 2),
(16, 2),
(17, 2),
(24, 2),
(25, 2),
(28, 2),
(30, 2),
(37, 2),
(2, 3),
(8, 3),
(9, 3),
(11, 3),
(13, 3),
(19, 3),
(20, 3),
(22, 3),
(30, 3),
(32, 3),
(35, 3),
(36, 3),
(3, 4),
(21, 4),
(26, 4),
(27, 4),
(29, 4),
(9, 5),
(11, 5),
(14, 5),
(22, 5),
(23, 5),
(29, 5),
(33, 5),
(15, 6),
(23, 6),
(32, 6),
(36, 6),
(4, 7),
(19, 7),
(20, 7),
(26, 7),
(34, 7),
(35, 7),
(4, 8),
(25, 8),
(31, 8),
(5, 9),
(13, 9),
(18, 9),
(5, 10),
(8, 10),
(31, 10),
(6, 11),
(10, 11),
(16, 11),
(27, 11),
(28, 11),
(33, 11),
(34, 11),
(6, 12),
(10, 12),
(14, 12),
(24, 12);

-- --------------------------------------------------------

--
-- Struttura della tabella `smartlife`
--

CREATE TABLE `smartlife` (
  `idsmartlife` int(11) NOT NULL,
  `nomesmartlife` varchar(30) COLLATE utf8_bin NOT NULL,
  `descrizionesmartlife` mediumtext COLLATE utf8_bin NOT NULL,
  `fotosmartlife` varchar(30) COLLATE utf8_bin NOT NULL,
  `descrizionelongsmartlife` longtext COLLATE utf8_bin NOT NULL,
  `regoleattivazionesmartlife` longtext COLLATE utf8_bin NOT NULL,
  `domandesmartlife` longtext COLLATE utf8_bin NOT NULL,
  `rispostesmartlife` longtext COLLATE utf8_bin NOT NULL,
  `promotionsmartlife` tinyint(1) NOT NULL DEFAULT '0',
  `idcategoria` int(11) NOT NULL
) ENGINE=InnoDB DEFAULT CHARSET=utf8 COLLATE=utf8_bin;

--
-- Dump dei dati per la tabella `smartlife`
--

INSERT INTO `smartlife` (`idsmartlife`, `nomesmartlife`, `descrizionesmartlife`, `fotosmartlife`, `descrizionelongsmartlife`, `regoleattivazionesmartlife`, `domandesmartlife`, `rispostesmartlife`, `promotionsmartlife`, `idcategoria`) VALUES
(1, 'TIMVision', 'Cartoni, cinema, serie tv, documentari e concerti sempre on demand per creare il tuo palinsesto senza pubblicità. Più di 8.000 titoli in un abbonamento, senza vincoli di durata, anche in HD\r\n', 'tim-vision.png', 'Niente orari da rispettare e nessuno spot che disturba la visione del film: questo in sintesi è TIMvision, la TV on demand del gruppo Telecom Italia.\r\nMa come funziona il servizio?\r\nQuanto costa e come si può attivare?\r\nQuali i device supportati? Scopriamolo insieme!\r\n\r\nTIM Vision è una TV on demand, cioè una televisione (quindi, con i programmi più vari, dall’intrattenimento alle rubriche scientifiche, dai film alle serie televisive) che ti permette di guardare i programmi che vuoi nel momento in cui vuoi, senza interruzioni pubblicitarie. Cioè in poche parole non avrai orari prestabiliti ma potrai scegliee tu giorno e ora.\r\n\r\nA differenza delle pay TV classiche, per poter guardare TIM Vision bisogna poter sfruttare una connessione internet (quindi niente antenne e parabole) ed un device abilitato (vedi dopo).', 'Per fruire del servizio di TIM Vision, bisogna abbonarsi: puoi farlo direttamente dal sito, andando nella sezione Offerta, oppure se hai una Smart TV compatibile dal widget TIMvision, presente nella sezione TIM Vision TV.\r\nPer il pagamento, puoi scegliere di addebitare il costo sul tuo conto Telecom Italia (se sei cliente residenziale con ADSL/FIBRA di Telecom Italia), sulla carta di credito Visa, Mastercard o American Express.\r\nPer perfezionare la procedura di acquisto (sia dell’abbonamento che del singolo titolo sul Videostore) devi impostare un PIN.\r\nIl contratto che hai concluso con TIM si intende a tempo indeterminato (quindi, varrà anche dopo la fine di un’eventuale periodo promozionale).\r\nPer il recesso, devi inviare una lettera scritta (con copia della tua carta d’identità) all’indirizzo presente nel conto Telecom Italia, o via fax (per sapere il numero, contattare il 187).\r\nPer i soli clienti Telecom, si può telefonare al 119.', 'Q: Quanto costa TIM Vision? :Q Q: Con quali dispositivi posso vedere i contenuti? :Q', 'A: Bisogna fare distinzione tra clienti del gruppo TIM-Telecom Italia e clienti di altri operatori:\r\n\r\nClienti TIM o Telecom Italia: l’abbonamento Timvision TV è in promozione a 5€ al mese, in più i clienti Telecom Italia potranno avere il decoder gratis;\r\n\r\nClienti altri operatori di rete fissa: se attivano online il costo sarà di gratis il primo mese e di € 5 per i mesi successivi;\r\n\r\nClienti altri operatori di rete mobile: servizio non disponibile. :A A: Timvision si può vedere su numerosi dispositivi e più precisamente:\r\n\r\nCon Smartphone e Tablet tramite l’App Timvision, chi non è cliente TIM può usare quest’opzione solo con connessione ad una rete wi-fi;\r\n\r\nVia Web collegandosi al sito ufficiale www.timvision.it\r\n\r\nCon il decoder TIM Vision da collegare alla rete fissa ed al televisore;\r\n\r\nCon uno smart TV di nuova generazione, abilitato alla visione di TimVision;\r\n\r\nCon Google Chromecast, un device che permette di trasformare un TV in smart TV comandato da cellulare o PC (leggi la guida).\r\n\r\nIl decoder TIMVision, in comodato d’uso, consente di poter vedere oltre che la programmazione TIMvision, anche quella di Netflix e Premium online, ovviamente se si è abbonati a questi servizi. :A', 0, 1),
(2, 'TIMSky', 'Solo la nostra fibra e l’ADSL veloce ti portano SKY, senza parabola. TIM SKY, la prima offerta che ti dà chiamate, internet senza limiti e ti porta a casa lo spettacolo di SKY, senza parabola', 'tim-sky.png', 'Per te il grande spettacolo e l’innovazione di Sky a partire da soli 14 €/mese in più per i primi 18 mesi.\r\n\r\nSe aderisci a TIM Sky entro il 3 luglio 2016 puoi avere:\r\n\r\n My Sky per vedere la TV come e quando vuoi e Sky On Demand, una videoteca con migliaia di titoli sempre a tua disposizione.\r\n\r\n Sky TV con 38 canali di intrattenimento esclusivo a soli 14 €/mese per i primi 18 mesi, oppure Sky TV + un pacchetto a scelta tra Sky Cinema, Sky Sport o Sky Calcio a 26,90 €/mese per i primi 18 mesi. Puoi aggiungere all''offerta anche Sky Famiglia + Sky HD a 5€/mese per i primi 18 mesi anzichè 11€.\r\n\r\n Sky Box Sets è la novità di Sky che ti offre le migliori serie TV, stagione dopo stagione, tutte su My Sky.\r\n\r\nIn più puoi avere Sky Link per collegare My Sky in Wi-Fi a 30 €.\r\n\r\nSe sei cliente ADSL, avrai inclusi nell’offerta:\r\n\r\nSuperinternet Plus, per navigare fino a 20 Mega\r\nSMART MODEM', 'Tutti i prezzi sono IVA inclusa\r\n\r\nPrima di aderire all’offerta, verifica la copertura nella zona di tuo interesse e per ulteriori informazioni, vai in un Negozio TIM, chiama il 187 o visita questo sito.\r\n\r\nL’attivazione dell’offerta “TIM Sky” presuppone la sottoscrizione di due distinti contratti, uno con TIM e uno con Sky Italia, ciascuno regolato dalle rispettive Condizioni Generali di Contratto.\r\n\r\nPuoi richiedere l''attivazione:\r\n\r\n \r\n>Presso un negozio TIM\r\n \r\n>Chiamando il 187', 'Q: A chi è rivolta la promozione­ TIM Sky?:Q Q: Sono già cliente Fibra/ADSL di TIM, posso aderire all’offerta TIM Sky?:Q', 'A: La promozione è rivolta a tutti coloro che vogliono sottoscrivere un abbonamento Sky e scelgono la Fibra o l’ADSL di TIM per fruire del servizio.:A A: Si, puoi aderire all’offerta TIM Sky. In particolare, se sei già cliente ADSL di TIM, per garantirti un’ eccellente esperienza di visione dei contenuti Sky avrai a seconda della copertura Superinternet Plus fino a 20Mb oppure Superinternet fino a 10Mb e lo SMART MODEM inclusi nell’offerta.:A', 1, 1),
(3, 'Netflix', 'Serie Tv e film a partire da 7,99 €/mese,dove vuoi e quando vuoi, anche il decoder TIMvision\r\n', 'netflix.png', 'Scopri nuove storie.\r\n\r\nSerie originali, commedie, drammi e programmi per bambini, puoi guardare le tue serie TV e film preferiti in streaming istantaneo sul dispositivo che preferisci. L''offerta TV che aspettavamo da tempo per la grande varietà dei contenuti, da vedere quando e dove vuoi con qualità della Rete TIM e senza vincoli, disponibile direttamente sulla TV di casa anche attraverso il decoder TIMvision con la qualità HD.', 'Con TIMvision \r\nti godi lo spettacolo\r\ndi Netflix anche\r\nsulla TV di casa\r\n\r\nCon TIM accedi al mondo Netflix in maniera facile e immediata con il decoder TIMvision. Per i clienti TIM non occorre alcuna carta di credito per Netflix. Paghi comodamente sulla fattura TIM e mantieni sotto controllo le spese. Puoi guardare Netflix in qualsiasi momento, senza interruzioni pubblicitarie. Un''esperienza facile e veloce con tre pacchetti da scegliere in abbonamento.\r\n\r\nProva il tuo mese GRATIS.', 'Q: Perché abbonarsi a Netflix?:Q Q: Quanto costa abbonarsi a Netflix?:Q', 'A: Hai la possibilità di guardare in streaming migliaia di programmi televisivi e film, quando vuoi e dove vuoi, sulla tua TV mediante il decoder TIMvision, su Smart TV, PS3, PS4,Wii, Xbox, PC, Mac, smartphone, tablet.\r\n\r\nAbbonandoti al servizio NETFLIX da decoder TIMvision collegato alla linea adsl/fibra di casa hai la possibilità di addebitare il costo di Netflix direttamente sulla tua fattura di linea fissa TIM. Con Netflix non ci sono spot pubblicitari, puoi mettere in pausa, tornare indietro o riprendere la visione tutte le volte che vorrai, senza alcun limite. Non ci sono impegni, potrai cessare il tuo abbonamento a Netflix in ogni momento.:A A: Puoi scegliere tre diverse tipologie di abbonamento che differiscono per il numero di dispositivi da cui accedere contemporaneamente e dalla qualità del video. Il primo mese è sempre gratis. Se sei cliente TIM, abbonandoti al servizio NETFLIX da decoder TIMvision collegato alla linea adsl/fibra di casa, avrai l''opportunità di addebitare il costo dell''abbonamento sulla tua fattura di linea fissa TIM.:A', 1, 1),
(4, 'TIM Premium', 'Calcio, Cinema, Serie TV e Infinity per i clienti TIM a 19€/mese per tutto il 2016 da vedere quando e dove vuoi', 'tim-premium.png', 'Tutto Premium\r\n\r\n18 Canali in live streaming e un catalogo con oltre 8000 titoli on demand, inclusi i contenuti di Infinity, anche in HD, con doppio audio e sottotitoli. Centinaia di film e serie tv in anteprima e in esclusiva. Tutta la UEFA Champions League (2015-2018) in esclusiva, la Serie A Tim delle squadre Premium, i campionati esteri, il FIA World Rally Championship 2016, il meglio dell’intrattenimento di Mediaset e molto altro ancora!', 'Puoi attivare il servizio tramite un operatore o presso un punto vendita.\r\nPer questo mese a soli €19.90\r\n\r\nOppure pacchetti separati a soli €9.90, tra le nostre proposte:\r\n\r\n-PACCHETTO CINEMA+CALCIO: con il pacchetto Cinema hai oltre 2500 film ogni anno, dalle grandi anteprime ai capolavori di sempre, alle prime tv in esclusiva, il ricchissimo catalogo di Infinity e 5 canali in live streaming, per goderti il grande cinema dove e quando vuoi. Inoltre, incluse nel pacchetto 2 partite a tua scelta di Serie A TIM delle squadre Premium al mese.\r\n\r\n-PACCHETTO CINEMA+SERIE TV: 9 canali in live streaming, più di 2500 film e oltre 2000 episodi di Serie TV, con tutte le prime TV in esclusiva Premium, il grande cinema italiano ed internazionale, i "cofanetti", per godersi le stagioni complete delle più belle serie tv e il ricco catalogo di Infinity. Il tutto in HD, lingua originale e con i sottotitoli. Inoltre tantissimi episodi di Cartoni Animati, le più belle Fiction e il meglio dell''intrattenimento di Mediaset.', 'Q: Che cos''è TIM Premium Online?:Q Q: Come posso abbonarmi a TIM Premium Online?:Q\r\nQ: Quando è possibile richiedere l''attivazione di TIM Premium Online?:Q', 'A: TIM Premium Online è l''offerta dedicata ai Clienti TIM che aderiscono al servizio Premium Online,il servizio in abbonamento con il quale puoi vedere: 18 Canali in live streaming e un catalogo con oltre 8000* titoli on demand, inclusi i contenuti di Infinity, anche in HD, con doppio audio e sottotitoli.\r\n\r\nConsente la fruizione di due distinti servizi (il servizio di connettività broadband su rete fissa di “TIM”, ADSL o Fibra, e il servizio “Premium Online” ) erogati, rispettivamente, da Telecom Italia S.p.A. e da Mediaset Premium S.p.A. in forza delle rispettive Condizioni Generali di Contratto ed a seguito di sottoscrizione, da parte degli interessati, di due separati contratti (il contratto “TIM” ed il contratto “Premium Online” ).\r\n\r\n*I contenuti variano in base al pacchetto sottoscritto.:A A: Per abbonarsi all''offerta dedicata per i clienti TIM di Premium Online contatta il Servizio Clienti TIM 187 o vai presso un negozio TIM. Puoi scegliere tra due pacchetti: Tutto Premium e Cinema.:A A: Se sei un cliente Fibra puoi sempre richiedere l’attivazione di TIM Premium Online, se sei un cliente ADSL l’offerta è richiedibile previa verifica tecnica sulla velocità della tua linea.\r\nSe sei un cliente ADSL e non hai già attiva la nuova offerta TIM SMART CASA/MOBILE, con l’adesione a TIM Premium Online la tua linea verrà aggiornata alla migliore velocità possibile attivando GRATIS l’opzione Superinternet fino a 10 Mbps o Superinternet Plus fino a 20Mbps, in base alla disponibilità tecnica del servizio.Se sei un cliente ADSL e hai già attiva la nuova offerta TIM SMART CASA/MOBILE, occorre verificare che la linea abbia una velocità nominale di almeno 10 Mbps. Qualora non lo fosse, non sarà possibile attivare TIM Premium Online.:A', 1, 1),
(5, 'Chromecast', 'Con Chromecast, il dispositivo che connette smartphone e tablet alla TV, hai TIMvision incluso per tre mesi', 'chromecast.png', 'Pack TIMvision a 39€\r\nCon Chromecast, il dispositivo che\r\nconnette smartphone e tablet alla TV,\r\nhai TIMvision incluso per tre mesi\r\nDopo i primi 3 mesi il servizio prosegue al costo di 5€ al mese.\r\n\r\nCon TIMvision puoi creare il tuo palinsesto senza interruzioni pubblicitarie con più di 8.000 titoli disponibili.\r\nUn solo abbonamento mensile ed il programma inizia quando vuoi tu sulla TV di casa.', 'Per attivare l’offerta:\r\n\r\nPuoi acquistare direttamente online o  presso i Negozi TIM il Pack TIMvision&Chromecast  che include Chromecast ed in promozione 3 mesi di  TIMvision in abbonamento.\r\n\r\nCome installare Chromecast:\r\n\r\nCollegare la chiavetta Chromecast all''alimentatore in dotazione e ad un ingresso HDMI della TV\r\nScaricare l’App Chromecast sul proprio  smartphone  o tablet per il setup\r\nAccedere  e registrarsi  all’App TIMvision con la propria username e password\r\nattivare il Wi- Fi del tuo smartphone o tablet\r\ncliccare sull’icona Chromecast e selezionare  l’App TIMvision.', 'Q: Cosa è Chromecast?:Q Q: Come posso vedere TIMvision con Chromecast?:Q', 'A: E'' un dispositivo che ti consente di guardare TIMvision, i tuoi video, le foto e molto altro ancora direttamente sulla tua TV anche se non è una Smart TV o non possiedi il decoder TIMvision, utilizzando il tuo tablet/smartphone.:A A: Una volta eseguita l’installazione, scarica sul tuo smartphone/tablet l’App TIMvision, registrati su rete mobile TIM e accedi con la username e password. Per vedere i contenuti di TIMvision sulla TV, clicca l’icona Chromecast nell’App TIMvision in alto a destra e scegli il contenuto che vuoi vedere . In tal modo la riproduzione avverrà direttamente sulla tua TV.:A', 0, 1),
(6, 'TIMmusic', 'Entra in un mondo di musica con l''app TIMmusic. Milioni di brani in streaming, tutte le ultime uscite discografiche e tante playlist, da ascoltare dove e quando vuoi, senza consumare GB!', 'tim-music.jpg', 'LA COLONNA SONORA DELLA TUA VITA\r\n\r\nEntra in un mondo di musica con l''app TIMmusic. Milioni di brani in streaming, tutte le ultime uscite discografiche e tante playlist, da ascoltare dove e quando vuoi, senza consumare GB!', 'Attivare TIM music è semplicissimo poichè puoi farlo direttamente online, dopodichè basta scaricare l''applicazione e goditi la tua musica.', 'Q: Tim Music è compatibile con ogni device?:Q', 'A: Si, non dovrai preoccuparti. Tim music ricopre un vasto numero di device se non interamente:A', 0, 1),
(7, 'TIMReading', 'Porta sempre con te su Smartphone e Tablet i tuoi eBook preferiti, segui tutte le tue passioni scegliendo tra i magazine più amati e sfoglia il tuo quotidiano dalle prime ore del mattino. Su TIMreading trovi ciò che ami leggere, dove e quando vuoi\r\n', 'tim-reading.jpg', 'Porta sempre con te su Smartphone e Tablet i tuoi eBook preferiti, segui tutte le tue passioni scegliendo tra i magazine più amati e sfoglia il tuo quotidiano dalle prime ore del mattino. Su TIMreading trovi ciò che ami leggere, dove e quando vuoi.\r\n\r\nTim Reading quotidiani di qualsiasi tipo, magazine e una vasta gamma di ebook, per non farti mai mancare qualcosa da leggere.\r\n', 'Su TIMreading puoi acquistare eBook, quotidiani e magazine con queste modalità:\r\n\r\n-tutti i contenuti (eBook, quotidiani e Magazine) sono acquistabili da PC e Tablet accedendo al sito www.timreading.it e navigando nel catalogo\r\n-gli eBook sono acquistabili anche da Smartphone tramite il sito mobile m.timreading.it. In questo caso, per completare l''acquisto, devi aver precedentemente configurato lo strumento di pagamento sul tuo profilo\r\n-gli eBook e Magazine sono acquistabili anche tramite l’ App TIMreading per Smartphone e Tablet Android, nella sezione SHOP (l''App per Smartphone consente l''acquisto dei soli eBook). In questo caso, per completare l''acquisto, devi aver precedentemente configurato lo strumento di pagamento sul tuo profilo.', 'Q: Posso acquistare più di un abbonamento ad un quotidiano?:Q Q: Ho acquistato un abbonamento settimanale, posso passare all''abbonamento mensile?:Q ', 'A: Sì, puoi acquistare più di un abbonamento se scegli giornali diversi, mentre sullo stesso giornale potrai attivare l''abbonamento settimanale o in alternativa quello mensile.:A A: Sì, puoi farlo, ma dovrai prima disattivare l''abbonamento settimanale e poi attivare l''abbonamento mensile. Stessa cosa se vuoi passare da un abbonamento mensile ad uno settimanale per la stessa testata.:A', 0, 1),
(8, 'TIMGames', 'Sparatutto, sport estremi, i migliori Classici e molto altro ancora... Con TIMgames hai a disposizione centinaia di giochi per il tuosmartphone e tablet, per divertirti dove e quando vuoi', 'tim-games.jpg', 'Sparatutto, sport estremi, i migliori Classici e molto altro ancora... Con TIMgames hai a disposizione centinaia di giochi per il tuosmartphone e tablet, per divertirti dove e quando vuoi\r\n\r\nCONTENUTI\r\n\r\nArcade\r\n \r\nSport\r\n \r\nMotori\r\n \r\nCarte', 'Con I Love Games Promo puoi scaricare tutti i giochi che vuoi dall’app TIMgames, oppure  accedendo al sito www.timgames.it\r\n\r\nPer il primo mese il servizio in abbonamento sarà a metà prezzo, al costo di 1€ a settimana, poi passerà in automatico a 2€ a settimana.\r\nIn più, il traffico dati per scaricare i giochi è incluso nell''abbonamento!\r\n\r\n\r\nAttiva subito I Love Games Promo \r\n\r\n>direttamente onlinecliccando sul tasto ATTIVA\r\n\r\n>chiamando il numero gratuito 40916 (per clienti ricaricabili) e seguendo la voce guida\r\n\r\n>inviando un SMS gratuito al numero 40916 con il testo ILOVEGAMESPROMO ON\r\n\r\n>chiamando gratuitamente il Servizio Clienti 119\r\npresso i Negozi TIM', 'Q: Quali Clienti possono attivare la promozione I LOVE GAMES PROMO?:Q Q: Dove vado per scaricare i giochi della promozione I Love Games Promo?:Q ', 'A: Tutti i clienti TIM con attiva una offerta TIM Mobile con dati inclusi. Per utilizzare i servizi è necessario avere un telefono compatibile. Sono esclusi device Apple e Windows Phone:A A: Per scaricare i giochi inclusi nell''offerta puoi andare con il tuo smartphone sul sito mobile TIMgames.it nella sezione dedicata a I Love Games Promo:A', 1, 1),
(9, 'Serie A Tim', 'Vivi il meglio della Serie A TIM e i migliori momenti del Campionato 2015/2016 con tutte le notizie, i video-goal, le sintesi sul tuo Smartphone o Tablet e senza consumare GB. L’unica App ufficiale della Serie A TIM. Scarica l’App e vivi la magia del calcio!\r\n', 'tim-seriea.jpg', 'Vivi il meglio della Serie A TIM e i migliori momenti del Campionato 2015/2016 con tutte le notizie, i video-goal, le sintesi sul tuo Smartphone o Tablet e senza consumare GB. L’unica App ufficiale della Serie A TIM. Scarica l’App e vivi la magia del calcio! \r\n\r\nNell’App Serie A TIM trovi tutte le ultime notizie sul mondo del Calcio, anche quando sei in viaggio, con news sul Campionato italiano, ma anche su tutte le altre competizioni. Inoltre, puoi partecipare alla vita social grazie all’accesso diretto alla Fan Page Serie A TIM di Facebook e Serie A TIM su Twitter.\r\n\r\nScarica l’App Serie A TIM e avrai il meglio del Calcio sul tuo smartphone o tablet .\r\nE se sei cliente TIM non consumi GB! Prima di abbonarti potrai provare gratuitamente i contenuti esclusivi e rimanere aggiornato con le news e le statistiche disponibili per tutti.\r\n\r\nPuoi sfruttare il Pack Annuale e avrai la possibilità di seguire tutta la fine del Campionato 2015-16, il calciomercato e  le news dai ritiri, e tutto  il Campionato della Serie A TIM 2016-17 fino al 30/06/2017 a soli 9,99 €.\r\n\r\nIl costo di attivazione dell’opzione  PACK ANNUALE SERIE A TIM è di 9,99 €; e comprende tutti i contenuti premium dell’App Serie A TIM fino al 30/06/2017 dove tutte le giornate di Campionato sono incluse.\r\n\r\nPuoi scegliere l’abbonamento Mensile a 2,49€ e per 30 giorni potrai godere di tutti i contenuti esclusivi dell’App, non perdendoti neanche un minuto della Serie A.', 'Puoi attivare l''offerta:\r\n\r\npresso i Negozi TIM\r\nAttivazione dei servizi di intrattenimento\r\n\r\nPer attivare i 3 mesi di TIMvision, TIMmusic, TIMgames, Serie A TIM, TIMreading con la rivista Elle inclusi nella tua TIM Special, dovrai accedere dal tuo smartphone, con connessione 3G o 4G, alla pagina vai.tim.it\\play e scegliere tra film, musica, riviste, giochi e calcio.', 'Q: Che cos’ è il Season Pack Serie A TIM?:Q Q: Cosa è compreso nell’abbonamento Serie A TIM?:Q ', 'A: Il Season Pack Serie A TIM a soli 9,99 € ti permette di accedere a tutti i contenuti esclusivi dell’APP Serie A TIM fino al 30/06/2017, e di seguire quindi l’intero Campionato 2016-17:A A: Se sei Abbonato non perdi neanche un minuto di gioco, grazie alla cronaca in tempo reale di tutte le gare del Campionato e la disponibilità dei video di tutti i goal e le azioni salienti a pochi minuti dall’evento. Inoltre, potrai usufruire degli Highlights delle gare in qualsiasi momento e di tutti i contenuti video esclusivi, come Goal Collection e le giocate “Top” per ogni giornata.:A ', 0, 1),
(10, 'TIMTag', 'TIMTag, è il dispositivo che ti informa sulla posizione del tuo amico a quattro zampe e delle cose a te più care. \r\nSegui in tempo reale i suoi spostamenti sul tuo smartphone senza perderlo mai di vista.', 'tim-tag.png', 'TIMTag è il dispositivo che ti informa sulla posizione del tuo amico a quattro zampe e delle cose a te più care.\r\nSegui in tempo reale i suoi spostamenti sul tuo smartphone senza perderlo mai di vista.\r\n\r\nCon TIMTag hai un dispositivo di localizzazione GPS di ultima generazione, con 12 mesi di servizio TIMTag e una TIM Card inclusi e un'' App dedicata intuitiva e semplice da utilizzare!', 'TRE SEMPLICI PASSI E POTRAI TRACCIARE TUTTO QUELLO CHE AMI\r\n\r\n1-Acquista il Pack TIMTag\r\n\r\nAcquista subito online e ricevi direttamente a casa tua il pack oppure vai in uno dei negozi TIM.\r\n\r\n2-Attiva la TIM Card\r\n\r\nRegistra la TIM Card che trovi nel Pack in un negozio TIM (l''offerta TIMTag si attiverà automaticamente dopo la registrazione).\r\n\r\n3-Scarica l''APP TIMTag sul tuo Smartphone\r\n\r\nInstalla l''app sul tuo smartphone ed associa il dispositivo di localizzazione (Android ed iOS).', 'Q: Quali sono le caratteristiche di TIMTag?:Q Q: Chi può scegliere TIMTag:Q ', 'A: È un''offerta TIM che ti offre un Tracker GPS con inclusi 12 mesi di servizio TIMTag. L’opzione TIMTag in promo, include il traffico sia dati che SMSs dal Tracker GPS verso la piattaforma di servizio (max 50MB e 100SMS ogni 30 giorni) e l’utilizzo dell’App TIMTag. Il Bundle dati e SMS previsto è calibrato per soddisfare le esigenze di un utilizzo continuativo del dispositivo.\r\nIl costo del Tracker GPS, della TIM Card e del servizio per i primi 12 mesi è di soli 129€! La confezione contiene:\r\n\r\nTracker GPS\r\n12 mesi di servizio "preattivati" inclusi sulla TIM Card\r\n1 TIM Card:A A: L''offerta è valida per i clienti ricaricabili, residenti nel territorio italiano e che ne fruiscano per scopi estranei alla loro eventuale attività imprenditoriale o professionale.:A ', 0, 3),
(11, 'TIM Home Connect', 'La soluzione ideale per gestire tutti i sistemi di domotica presenti nella tua casa, dalla semplice caldaia domestica, ai sistemi di protezione della casa, ai più avanzati sistemi di monitoraggio.', 'tim-home.png', 'TIM Home Connect è l’offerta pensata per essere utilizzata nei dispositivi di domotica presenti nella casa, la cui gestione prevede l''uso di una SIM\r\n\r\nCon Tim Home Connect infatti hai a disposizione minuti, MB e SMS da utilizzare per connettere e gestire il tuo antifurto, la tua caldaia o altri sistemi di domotica.\r\n\r\nL''offerta prevede ogni 30 giorni:\r\n\r\n20 minuti di chiamate\r\n100 MB di traffico Internet\r\n100 SMS verso tutti\r\n \r\nScegli la soluzione ideale per te\r\n\r\nTIM Home Connect 24\r\n 24 mesi senza pensieri! A partire dal 25° mese l’offerta continuerà ad essere fruibile ad un costo di 3€ al mese.\r\n\r\n36€\r\n\r\n \r\n\r\n \r\n\r\nTIM Home Connect 12\r\n12 mesi senza pensieri! A partire dal 13° mese l’offerta continuerà ad essere fruibile ad un costo di 3€ al mese.\r\n\r\n 24€\r\n\r\n \r\n\r\n \r\n\r\nTIM Home Connect Light\r\n L''offerta che si rinnova ogni mese!\r\n\r\n3€/mese \r\n\r\n5€ Attivazione', '>Se sei già in possesso di una TIM Card, direttamente online cliccando sul tasto ATTIVA\r\n\r\n>Presso i Negozi TIM\r\n\r\n\r\nN.B: Tutti i prezzi sono IVA inclusa.\r\nL''offerta è valida per clienti ricaricabili.\r\nLa possibilità di utilizzare i servizi radiomobili inclusi nell’offerta dipende dalle caratteristiche tecniche del dispositivo di domotica a cui si associa la TIM Card.', '', '', 0, 3),
(12, 'D-Link SmartHome', 'D-Link SmartHome Starter Kit ti offre la possibilità di impostare, controllare, monitorare e automatizzare la tua casa ovunque ti trovi.', 'smart-home.jpg', 'Con lo Smart Home HD Starter Kit potrai impostare, controllare, monitorare e automatizzare la tua casa ovunque ti trovi.\r\nNel Kit sono inclusi:\r\n\r\nUn Monitor HD (DCS-935L) \r\nUn Wi-Fi Motion Sensor (DCH-S150)\r\nUna smart plug (DSP-W215) \r\nTramite l''App mydlink Home per smartphone e tablet hai a disposizione il controllo di tutti i dispositivi così da semplificarti la gestione della casa rendendola più sicura e intelligente.\r\n\r\nFacile configurazione e gestione dei tuoi dispositivi\r\n\r\nBasta semplicemente scaricare l’app mydlink Home e la configurazione guidata ti aiuterà a utilizzare al meglio tutti i dispositivi presenti nel kit in modo facile e intuitivo.\r\nCon l’app potrai creare tu stesso le regole per accendere e spegnere i tuoi elettrodomestici quando e ovunque vuoi. ', '\r\nAcquista subito il nostro prodotto e inizia subito.\r\n\r\nLa configurazione è facilissima!\r\n\r\nBasta semplicemente scaricare la app mydlink Home e la configurazione guidata ti aiuterà a far funzionare tutti i dispositivi presenti nel kit.', 'Q: Dove posso acquistare questo prodotoo?:Q ', 'A: in un qualsiasi punto vendita vicino a te o direttamente online:A', 0, 3),
(13, 'Well App', 'Un''app gratuita sviluppata come fosse un diario personale, per disporre in ogni momento di tutte le informazioni sui controlli medici preventivi da effettuare periodicamente per sé e per tutta la famiglia.', 'wellapp.png', 'Well app è un''app completamente gratuita che tiene traccia dei tuoi allenamenti fitness e li registra direttamente sul tuo smartphone.\r\n\r\nQuesta applicazione può essere usata sincronizzando numerosi prodotti fitness presenti nello store.', '\r\nPer attivare il servizio basta scaricare l''applicazione presso il tuo app store online e in un click sarà tutto facile e veloce.', 'Q: Come sincronizzare lo smartphone con un braccialetto fitness?:Q', 'A: Molto semplie, vai nel menu opzioni della tua app e seleziona sincronizza dispositivo.A questo punto attiva il wifi del dispositivo e la sincronizzazione è avvenuta.:A', 0, 2),
(14, 'Pagamenti', 'Con TIM Wallet puoi utilizzare il tuo smartphone per pagare in tutti i negozi abilitati.', 'pagamenti.png', 'TIM WALLET è:\r\n\r\n-SICURO\r\n\r\nI dati della tua carta di credito o prepagata sono memorizzati in modo confidenziale e protetto sulla TIM Card\r\n\r\n-SEMPLICE E VELOCE\r\n\r\nBasta un tocco per scegliere la carta con cui effettuare i tuoi acquisti\r\n\r\n-COMODO\r\n\r\nLasci il portafoglio a casa e utilizzi lo smartphone per avere a disposizione le tue carte.\r\n\r\n\r\nLe carte associate al servizio sono:\r\n\r\nINTESA SANPAOLO\r\nMEDIOLANUM\r\nBNL\r\nHELLO BANK!\r\nCOSA TI SERV', '\r\nPer attivare il servizio: \r\n\r\n1-Ritira la TIM Card NFC:\r\n\r\nPer utilizzare in pieno tutti i servizi offerti da TIM Wallet ti suggeriamo di utilizzare una TIM Card NFC.	Richiedi il cambio carta in un Negozio TIM, oppure diventa un cliente TIM acquistandone una nuova! Ricorda, il servizio di pagamenti è disponibile solo per le TIM Card NFC.\r\n\r\n2-SMARTPHONE NFC\r\n\r\nScopri tutti gli smartphone che sono abilitati all’utilizzo dei servizi di pagamento. Controlla la lista dei terminali compatibili, certificati per garantire i requisiti di sicurezza di banche e circuiti di pagamento.\r\n\r\n3-TIM Wallet Attivo\r\n\r\nRicordati di scaricare l’app TIM Wallet e di attivarlo accedendo almeno una volta al servizio.', 'Q: Quali sono gli Smartphone compatibili con i servizi NFC?:Q Q: Cosa vuol dire NFC?:Q', 'A: TIM Wallet è compatibile con tutti gli smartphone NFC SIM BASED, terminali in grado di leggere le informazioni memorizzate sulla SIM con la sicurezza richiesta da banche e circuiti di pagamento. La lista degli smartphone NFC, testati e abilitati, è in continua evoluzione. L’abilitazione di altri telefoni necessita di opportune verifiche di sicurezza non solo da parte di TIM ma anche da parte dei nostri partner. Consulta la lista aggiornata dei terminali abilitati .:A A: NFC (Near Field Communication) è una tecnologia che fornisce connettività wireless a corto raggio. L’NFC consente il “colloquio” in modo sicuro tra il telefono ed un POS abilitato durante un’operazione di pagamento contactless, ovvero quelle transazioni che avvengono semplicemente avvicinando lo strumento di pagamento (una carta o, come nel nostro caso, un telefono) al POS, senza necessità di inserimento all’interno del lettore. La tecnologia NFC garantisce transazioni criptate secondo i requisiti di sicurezza di banche e circuiti di pagamento. I dati della tua carta di credito sono memorizzati in modo sicuro sulla tua SIM. Questa particolare modalità di pagamento viene solitamente definita Mobile Proximity Payment.:A ', 0, 4),
(15, 'Fidelity Card', 'Salva nel TIM Wallet le tue carte fedeltà per averle sempre con te.', 'fidelitycard.png', 'Con TIM Wallet puoi virtualizzare le tue carte fedeltà e portarle sempre con te. \r\nAccedi alla Vetrina Servizi e in pochi passaggi puoi acquisire tutte le tue carte fedeltà. \r\nInquadra la carta nel riquadro e attendi che venga riconosciuta. \r\nIl riconoscimento della tessera é automatico, tuttavia se la tessera non viene riconosciuta tra le carte presenti puoi comunque aggiungerla utilizzando la fotocamera del tuo smartphone: seleziona il tipo di codice riportato sulla tessera (codice a barre, QRCode o codice numerico) e inquadralo. Se il codice non viene riconosciuto automaticamente, può essere inserito anche manualmente. \r\nIn breve puoi vedere la tessera nel portafogli. \r\nPuoi mostrarla nei punti vendita abilitati direttamente dal tuo smartphone: se clicchi sull''immagine della carta in automatico ruota e ti mostra il codice a barre (attenzione: non tutti i punti vendita hanno i lettori di codice a barre abilitati!)', '\r\n3semplici passi:\r\n\r\n-INQUADRA LA TESSERA\r\n\r\nUtilizza la fotocamera per aggiungere una carta\r\n\r\n-RICONOSCIMENTO AUTOMATICO\r\n\r\nLa tessera viene riconosciuta in automatico e la trovi nel tuo TIM Wallet\r\n\r\n-UTILIZZA LE CARTE\r\n\r\nApri il wallet e mostra le carte fedeltà nei punti vendita', 'Q: Come si aggiunge una carta fedeltà?:Q Q: Quale codice della carta devo inserire?:Q ', 'A: Accedi alla Vetrina Servizi e inquadra la carta nel riquadro. Il riconoscimento della carta è automatico nella maggior parte dei casi. Se la carta non è riconosciuta tra quelle presenti puoi aggiungerla utilizzando la fotocamera del tuo smartphone.\r\nSegui le istruzioni che ti vengono proposte e seleziona il tipo di codice riportato sulla carta. Inquadra il codice per il riconoscimento automatico. Il codice può essere inserito anche a mano.:A A: Accedi alla Vetrina Servizi e inquadra la carta nel riquadro. Il riconoscimento della carta è automatico nella maggior parte dei casi. Se la carta non è riconosciuta tra quelle presenti puoi aggiungerla utilizzando la fotocamera del tuo smartphone.\r\nSegui le istruzioni che ti vengono proposte e seleziona il tipo di codice riportato sulla carta. Inquadra il codice per il riconoscimento automatico. Il codice può essere inserito anche a mano.:A ', 0, 4),
(16, 'Coupon', 'Risparmia su un’ampia gamma di prodotti e servizi selezionati da QUI! Group', 'coupon.png', 'COUPON CONSIGLIATI DA TIM\r\n\r\nRisparmia su un’ampia gamma di prodotti e servizi selezionati da QUI! Group', 'Trova il collegamento al servizio “I coupon consigliati da TIM” dal menu laterale di TIM Wallet. Nella pagina informativa selezionando il tasto “SCOPRI” accedi al sito dove potrai scegliere tra tante offerte speciali. \r\n\r\nPuoi ricercare i prodotti delle migliori marche, viaggi da sogno e sconti sui locali più esclusivi della tua città navigando tra le categorie di offerte. \r\n\r\nUtilizzando il GPS del tuo smartphone puoi trovare sempre le migliori offerte intorno a te. \r\n\r\nIl servizio è offerto ai clienti TIM da QUI! Group attraverso la propria rete commerciale. Il pagamento viene effettuato utilizzando il sistema di carta di credito di QUI! Group. In caso di necessità è necessario contattare il centro assistenza clienti di QUI! Group al numero 010/5389945 (opzione 3).', 'Q: Come si attiva il servizio Coupon?:Q Q: Trovo solo le offerte della mia città?:Q Q: Devo registrarmi al servizio Coupon?:Q', 'A: Nel menu laterale di TIM Wallet trovi il collegamento al servizio “I Coupon consigliati da TIM”. Nella pagina informativa selezionando il tasto “SCOPRI” si accede al sito dove potrai scegliere tra tante offerte speciali.:A A: Se imposti il GPS del tuo smartphone, automaticamente ti vengono mostrate le migliori offerte intorno a te, nella tua città.\r\nPuoi effettuare ricerche anche su altre città e categorie di tuo interesse e navigare tra le offerte.:A A: Per navigare tra le offerte non è necessario effettuare la registrazione, per effettuare acquisti invece è obbligatorio. La registrazione al servizio è gestita da QUI! Group, che offre il servizio ai clienti TIM.:A ', 0, 4),
(17, 'Trasporti', 'Acquista i biglietti dei trasporti della tua città, attraverso il servizio SMS ticketing. Verifica subito se il servizio è già disponibile nella tua città!', 'trasporti.png', '\r\nCompra un biglietto via SMS e pagalo direttamente con il tuo credito telefonico:\r\n\r\n-SCEGLI LA CITTA’\r\n\r\nEntra nella Vetrina dei servizi e scopri se il servizio è già attivo nella tua città\r\n\r\n-ACQUISTA IL BIGLIETTO\r\n\r\nSeleziona la tipologia di biglietto e acquistalo direttamente con il tuo credito telefonico\r\n\r\n-VISUALIZZA IL BIGLIETTO\r\n\r\nTrovi subito il biglietto valido nella sezione Trasporti del tuo TIM Wallet', 'Apri TIM Wallet e accedi alla Vetrina Servizi. \r\nSe la città che ti interessa é abilitata, clicca e acquista il biglietto. \r\nPaghi direttamente con il tuo credito telefonico (se sei un Cliente Ricaricabile) o con addebito in bolletta (se sei un Cliente con Abbonamento). \r\n\r\nAttenzione: ti verranno addebitati il costo del biglietto più il costo dell’SMS di richiesta (19,90 €cent IVA inclusa). \r\n\r\nRicevi un SMS, il biglietto è valido da quel momento senza necessità di ulteriori convalide. \r\nPuoi trovare il biglietto elettronico direttamente nel TIM Wallet nel tuo portafogli, puoi rinnovarlo quando scade. In caso di controllo, mostra l’SMS di conferma che hai ricevuto.\r\n\r\nA Milano puoi utilizzare anche la modalità QRCode. Dopo aver acquistato il biglietto della metropolitana e ricevuto l’SMS, ricevi anche il QRCode che permette di aprire i tornelli della metropolitana. E’ sufficiente visualizzare il QRCode e accostare il display dello smartphone all’apposito lettore.', 'Q: Cosa trovo nella vetrina servizi trasporti?:Q Q: Quanto costa acquistare un biglietto?:Q ', 'A: Nella vetrina servizi trasporti puoi acquistare il biglietto dell''autobus e della metro in numerose città italiane e pagare con il tuo credito telefonico.:A A: L''utilizzo di TIM Wallet comporta il consumo di traffico Internet, per il quale si applica il tuo piano tariffario. Ti verranno inoltre addebitati il costo del biglietto più il costo dell’SMS di richiesta (19,90 €cent IVA inclusa). Il costo totale verrà scalato dal tuo credito telefonico (se sei un Cliente Ricaricabile) o con addebito in bolletta (se sei un Cliente con Abbonamento).:A ', 0, 4);

--
-- Indici per le tabelle scaricate
--

--
-- Indici per le tabelle `assistenza`
--
ALTER TABLE `assistenza`
  ADD PRIMARY KEY (`idassistenza`);

--
-- Indici per le tabelle `categorieassistenza`
--
ALTER TABLE `categorieassistenza`
  ADD PRIMARY KEY (`idcategoria`);

--
-- Indici per le tabelle `categorieprodotti`
--
ALTER TABLE `categorieprodotti`
  ADD PRIMARY KEY (`idcategoria`);

--
-- Indici per le tabelle `categoriesmartlife`
--
ALTER TABLE `categoriesmartlife`
  ADD PRIMARY KEY (`idcategoria`);

--
-- Indici per le tabelle `classi`
--
ALTER TABLE `classi`
  ADD PRIMARY KEY (`idclasse`);

--
-- Indici per le tabelle `prodotti`
--
ALTER TABLE `prodotti`
  ADD PRIMARY KEY (`idprodotto`);

--
-- Indici per le tabelle `prodottoassistenza`
--
ALTER TABLE `prodottoassistenza`
  ADD PRIMARY KEY (`idprodotto`,`idassistenza`);

--
-- Indici per le tabelle `prodottosmartlife`
--
ALTER TABLE `prodottosmartlife`
  ADD PRIMARY KEY (`idsmartlife`,`idprodotto`);

--
-- Indici per le tabelle `smartlife`
--
ALTER TABLE `smartlife`
  ADD PRIMARY KEY (`idsmartlife`);

--
-- AUTO_INCREMENT per le tabelle scaricate
--

--
-- AUTO_INCREMENT per la tabella `assistenza`
--
ALTER TABLE `assistenza`
  MODIFY `idassistenza` int(11) NOT NULL AUTO_INCREMENT, AUTO_INCREMENT=51;
--
-- AUTO_INCREMENT per la tabella `categorieassistenza`
--
ALTER TABLE `categorieassistenza`
  MODIFY `idcategoria` int(11) NOT NULL AUTO_INCREMENT, AUTO_INCREMENT=6;
--
-- AUTO_INCREMENT per la tabella `classi`
--
ALTER TABLE `classi`
  MODIFY `idclasse` tinyint(1) NOT NULL AUTO_INCREMENT, AUTO_INCREMENT=5;
/*!40101 SET CHARACTER_SET_CLIENT=@OLD_CHARACTER_SET_CLIENT */;
/*!40101 SET CHARACTER_SET_RESULTS=@OLD_CHARACTER_SET_RESULTS */;
/*!40101 SET COLLATION_CONNECTION=@OLD_COLLATION_CONNECTION */;
